Re,alpha,CL,CD,CM
20000,-20,-0.544148765585992,0.2158033229057767,-0.004747152057750759
20000,-19.5,-0.5297423598223037,0.21019541900286645,-0.008542227831681588
20000,-19,-0.5155532484380586,0.2044997153983979,-0.012252692689218584
20000,-18.5,-0.5016091933416098,0.19873349301578216,-0.01586427959338787
20000,-18,-0.48793905276742844,0.19291809896639966,-0.01936461346402163
20000,-17.5,-0.47458743250762314,0.18707479379158706,-0.022747280660861846
20000,-17,-0.4616312687146007,0.18121737540093905,-0.026014132854178477
20000,-16.5,-0.44918904093486073,0.17534285047655732,-0.02917320911499767
20000,-16,-0.4374254035785659,0.16942248548831076,-0.032234744273298095
20000,-15.5,-0.4265676790844154,0.16339465994461674,-0.03521122404073686
20000,-15,-0.41694254461666247,0.15715992290272024,-0.038121483860181174
20000,-14.5,-0.40900810924915376,0.15058600370519615,-0.04098607142036774
20000,-14,-0.4033126395257384,0.14354858037320406,-0.043797058692345514
20000,-13.5,-0.40031216774507833,0.1360243606662846,-0.04647679674189295
20000,-13,-0.4001463492023919,0.12815637904395077,-0.04891054835309789
20000,-12.5,-0.40283599801353154,0.12010203972634413,-0.05115132532910616
20000,-12,-0.4096810637379152,0.11158399250584147,-0.05367607304985494
20000,-11.5,-0.4252481159919578,0.10165368378146979,-0.05706570384778264
20000,-11,-0.45240164522108856,0.09014418472874143,-0.06072700032632046
20000,-10.5,-0.4807128072455189,0.07938409654508602,-0.0630848290986231
20000,-10,-0.4979857540101421,0.07129417189321847,-0.06389565102571458
20000,-9.5,-0.5032853471381056,0.06546792493384473,-0.06392824760929151
20000,-9,-0.4989153744627971,0.060961559015733434,-0.06371122596216613
20000,-8.5,-0.4864640347812976,0.05721654910361343,-0.06346607823642865
20000,-8,-0.4677504430272438,0.053965107074006716,-0.06319477439306002
20000,-7.5,-0.4450277918846184,0.0510650650818035,-0.06273995323186687
20000,-7,-0.4203851225318044,0.04841941706476627,-0.06190693317104265
20000,-6.5,-0.39517481294915,0.04595482773435128,-0.060570572200507426
20000,-6,-0.3696612407020301,0.04366043371947117,-0.05870199933321603
20000,-5.5,-0.34296934046506933,0.0416598590714122,-0.05634610568882866
20000,-5,-0.3138348793693607,0.04017218003330981,-0.05363431517922976
20000,-4.5,-0.28184148377615675,0.03926762658237652,-0.05077842494612362
20000,-4,-0.2474572390133956,0.038771231989841365,-0.047953327645970614
20000,-3.5,-0.21132723641814466,0.03848410433742693,-0.045224434234744204
20000,-3,-0.1740914931574328,0.03829530160517831,-0.042586410447763894
20000,-2.5,-0.1363487258686667,0.03814194426675325,-0.04005716964014804
20000,-2,-0.09835069370437621,0.037990616254912415,-0.03773412841292523
20000,-1.5,-0.05985774040245218,0.03784722483634853,-0.03573330313451931
20000,-1,-0.020480297305342662,0.03775081997631857,-0.03409989592636689
20000,-0.5,0.01995275372477515,0.037746852003015585,-0.032798575106096226
20000,0,0.061339477661625424,0.03786640440064656,-0.03175628940518726
20000,0.5,0.10341812225620035,0.03812280050635121,-0.030898496212852414
20000,1,0.14586974740651773,0.03851728982960751,-0.030163857471244216
20000,1.5,0.1883682169829003,0.03904566823277453,-0.029506216251141165
20000,2,0.2305993978578359,0.03970328793523084,-0.02889313671929727
20000,2.5,0.2722750108639286,0.04048842353063106,-0.02830537215684446
20000,3,0.31314829690739254,0.04140434466865816,-0.02773697863870866
20000,3.5,0.35301895482207735,0.04246022058436994,-0.02719250950288644
20000,4,0.39171497627025015,0.04367068218686832,-0.026678959247523053
20000,4.5,0.4290679424431201,0.04505402802237113,-0.026197238297310178
20000,5,0.46491831331933675,0.04662971043709488,-0.025742065406846763
20000,5.5,0.4991544017268963,0.04841581152752169,-0.025310596137996896
20000,6,0.5317446819919744,0.05042655716345178,-0.0249095303639289
20000,6.5,0.5627355759821508,0.05266999117755454,-0.024553954308082444
20000,7,0.5922278178473577,0.055146798897679754,-0.024261183005781506
20000,7.5,0.6203536406974435,0.05785111667974433,-0.024044329847857697
20000,8,0.647259033159927,0.06077241572588219,-0.023905512938280523
20000,8.5,0.6730851574447276,0.06389614053527698,-0.023828033825779835
20000,9,0.6979487637493729,0.06720210693045643,-0.02377278249237296
20000,9.5,0.7219232531027271,0.07066332611356761,-0.023689319203106764
20000,10,0.745008619007711,0.07425027455034602,-0.02354782081264388
20000,10.5,0.7670699952247031,0.07794424522488627,-0.023380214825612842
20000,11,0.7877549875170562,0.08176093150441918,-0.02329821882247727
20000,11.5,0.8064782894961613,0.08578155034854808,-0.02346315989495224
20000,12,0.8226179617961722,0.0901674639948443,-0.024022060420336208
20000,12.5,0.8359204140493005,0.09510297324893792,-0.02505427140510134
20000,13,0.8467273353026599,0.10067663535651897,-0.026569884290929782
20000,13.5,0.8556516056591164,0.1068527290203118,-0.028558511919893923
20000,14,0.8630702614312799,0.11358270618312398,-0.0310370153568802
20000,14.5,0.8690189855381631,0.12089520259203126,-0.03406366568994917
20000,15,0.873498419842424,0.12884958520487916,-0.03771445399079887
20000,15.5,0.8768676311904778,0.13735837192909028,-0.0420128245947281
20000,16,0.8798383580394993,0.14606864597856759,-0.04685382571006176
20000,16.5,0.8828049057606144,0.15469883168124088,-0.05206362712443518
20000,17,0.8856544980115371,0.16352788884270486,-0.05762491312890957
20000,17.5,0.8890132949693805,0.17292664219321702,-0.06366760136298462
20000,18,0.894570278774728,0.18251069569906672,-0.07005568335907439
20000,18.5,0.9033965830821934,0.1914458992458182,-0.07631387585939567
20000,19,0.914987964613375,0.19935881847037626,-0.08211149823172763
20000,19.5,0.9281052242857053,0.20649120893245457,-0.08749253490319561
20000,20,0.9418045738175376,0.21322608264233567,-0.0926568711199803
20000,20.5,0.9556667770038664,0.21979332401868157,-0.09775522731071158
20000,21,0.9695900176510175,0.2262742610926892,-0.10285529595657433
20000,21.5,0.9835899289245117,0.23267973048034246,-0.1079746090019758
20000,22,0.997702625550586,0.23899953033347468,-0.11310935439361988
20000,22.5,1.0119520863301374,0.24522207867305054,-0.11824863465941098
20000,23,1.0263439075441971,0.2513396383721714,-0.12338008303417974
20000,23.5,1.04086730913476,0.257348328608118,-0.1284918019711889
20000,24,1.0554988569908235,0.26324677461689816,-0.1335729247044178
20000,24.5,1.0702060746588151,0.26903476011349875,-0.13861365151944355
20000,25,1.0849506053463975,0.27471228316227797,-0.143605066615938
20000,-20,-0.5474132633538994,0.22934037702236706,-0.0022718538874185084
20000,-19.5,-0.532074443151651,0.22429768052823693,-0.005630634813356471
20000,-19,-0.5169437202677838,0.21901905430538318,-0.009001903271345167
20000,-18.5,-0.5021742855836965,0.21344307433924112,-0.012419023892066724
20000,-18,-0.4879857905838373,0.20748848137116568,-0.015913753298616422
20000,-17.5,-0.4746661672613258,0.2010759286791202,-0.01950435873588634
20000,-17,-0.4625215951603561,0.19418270800706103,-0.023179051318344728
20000,-16.5,-0.4517554968414367,0.18691312125821294,-0.026882244451971772
20000,-16,-0.44232665722164277,0.1795202068824934,-0.03051504840275153
20000,-15.5,-0.4339139042895764,0.17231965154444565,-0.03395971503019476
20000,-15,-0.42609394356709074,0.16553137310049884,-0.037127269042107336
20000,-14.5,-0.4186643858482509,0.1591573827442668,-0.04000286871698741
20000,-14,-0.4118932956773101,0.15297115342636913,-0.042648513486325056
20000,-13.5,-0.406519552434498,0.14663719449823465,-0.04514883986882511
20000,-13,-0.4034793659133416,0.1399107905499136,-0.047539176320256483
20000,-12.5,-0.40355954929839566,0.1327578766938297,-0.04978997039476954
20000,-12,-0.4072918405791423,0.12527950792254997,-0.05187196330601301
20000,-11.5,-0.41518510667447817,0.11752616996572111,-0.05384961896680175
20000,-11,-0.42826642684400307,0.10932818871035757,-0.055949916950656056
20000,-10.5,-0.4490456925725273,0.10023915591533308,-0.05846690358897917
20000,-10,-0.4814862719697196,0.08997536976155325,-0.06106241446004704
20000,-9.5,-0.5241141427144266,0.07963677872508168,-0.0618426942076787
20000,-9,-0.5642399964127348,0.07129851987519588,-0.05912535037035477
20000,-8.5,-0.5923533870790236,0.06531712826839162,-0.05392179395157708
20000,-8,-0.6075118166861113,0.060687731096059905,-0.04814851542364627
20000,-7.5,-0.6110286463058843,0.056734557582599245,-0.04282030102528961
20000,-7,-0.6053957142762549,0.05329149455114314,-0.0380911651431651
20000,-6.5,-0.5937850219500287,0.050382365387724524,-0.033681327543941444
20000,-6,-0.578454815339116,0.04806493926545708,-0.029161732979664012
20000,-5.5,-0.5596139998747829,0.04641809629359691,-0.024182499586505993
20000,-5,-0.5360575051554404,0.04560003981699662,-0.01870167896681024
20000,-4.5,-0.5072629261436802,0.045649145939881466,-0.012897459244136312
20000,-4,-0.47359459649833446,0.046240259800361914,-0.007160589037603851
20000,-3.5,-0.4345596903646601,0.04683894273742859,-0.0025309464532439984
20000,-3,-0.3874314787135823,0.04703765693495738,-0.0004693001289927742
20000,-2.5,-0.330031842499975,0.046824956809404066,-0.0016513679646231174
20000,-2,-0.26358099181512373,0.04644401149188322,-0.005607530928814542
20000,-1.5,-0.19086214186324513,0.0461494694840478,-0.011470051566182122
20000,-1,-0.11495564662689503,0.04608656100497634,-0.018379321663704064
20000,-0.5,-0.03984412874321404,0.046275793865663495,-0.025404550999560366
20000,0,0.02971737608115415,0.04666253351933888,-0.03153931004605452
20000,0.5,0.08975296649232549,0.04717603066564702,-0.03596365666480484
20000,1,0.13862521026440858,0.0477713786908884,-0.03832403390411922
20000,1.5,0.17748985477904927,0.04844755092410203,-0.038813734973896244
20000,2,0.2096988657167366,0.049243791009300646,-0.038055052328780155
20000,2.5,0.2395503620247065,0.05021950028121129,-0.03685622359037777
20000,3,0.27076684779520516,0.051428093198206216,-0.0359184514568017
20000,3.5,0.30533506491556917,0.05289926102372975,-0.035615354320647885
20000,4,0.3433119541460251,0.05463694572403688,-0.035958472363081966
20000,4.5,0.3835079669919782,0.05662811940592735,-0.03672999970744402
20000,5,0.4243775037242661,0.05885288672146749,-0.03765357008320521
20000,5.5,0.46459462236815485,0.06129071270103794,-0.03850215452792892
20000,6,0.5032522977170295,0.06392282596973932,-0.039131399228023
20000,6.5,0.5398552535964212,0.0667325598631667,-0.03947326879510049
20000,7,0.5742488290546985,0.06970510121948564,-0.039520178139743664
20000,7.5,0.6065298813544486,0.07282769580383178,-0.03931012040929773
20000,8,0.6369322340984027,0.07609065945418478,-0.03891153951981875
20000,8.5,0.6656819822753918,0.07948893976481011,-0.03840532965398766
20000,9,0.6928564975192759,0.08302492396411892,-0.03786441693328196
20000,9.5,0.7183262622737095,0.08671322698057393,-0.037335471309761475
20000,10,0.7418451364341907,0.09057895763548522,-0.03683056928349357
20000,10.5,0.7632333090551954,0.09462755204738534,-0.036328685840609415
20000,11,0.782511306228737,0.09878850928208996,-0.03577873034023812
20000,11.5,0.7998926837113376,0.10291705816867219,-0.03512601625836944
20000,12,0.81558838172709,0.10695177003409445,-0.034403754119225624
20000,12.5,0.829636859518341,0.11107283533991763,-0.033822586172957816
20000,13,0.8421150561380321,0.11560037236333151,-0.0336808628478027
20000,13.5,0.8531073491082125,0.12085605836516525,-0.034213808435566956
20000,14,0.8622051635422131,0.12717140526225704,-0.035615246252539756
20000,14.5,0.8688818154618628,0.13475057709781238,-0.03802718600006557
20000,15,0.8733613573797164,0.14338897344338242,-0.04139689783041558
20000,15.5,0.87632476487122,0.15263580409139693,-0.04549510328447914
20000,16,0.87839312964393,0.16231899767997116,-0.05021545307666933
20000,16.5,0.8808616862100089,0.1723063088747469,-0.05559041546146629
20000,17,0.8857825799099973,0.18186347252281806,-0.06139355482935005
20000,17.5,0.8943795253505433,0.19006783520232765,-0.06713895000703189
20000,18,0.9060279782804245,0.19676839295582177,-0.072552585870324
20000,18.5,0.9192156132071931,0.2025675511073762,-0.07771531583838208
20000,19,0.932787187779333,0.20814435603076953,-0.08281913294540597
20000,19.5,0.946191202366182,0.21392484352748542,-0.08799500446891806
20000,20,0.9592348872115636,0.22011537246700824,-0.09329671329204982
20000,20.5,0.9719037405103024,0.22678471347336251,-0.098727630231453
20000,21,0.9843079992968496,0.23389532085676354,-0.10425853193791837
20000,21.5,0.9966538011590784,0.2413161413690727,-0.10983729375810193
20000,22,1.0091816857287834,0.24885365281787464,-0.11539911374567603
20000,22.5,1.0220890890051462,0.2563028281988466,-0.1208798576299092
20000,23,1.035477767739983,0.26349678011066385,-0.12622921147791452
20000,23.5,1.0493462040588446,0.2703342450009471,-0.13141805545462493
20000,24,1.0636171453470367,0.27677885078436404,-0.1364376004769673
20000,24.5,1.0781758724048964,0.28283994752317015,-0.1412931259675412
20000,25,1.0929000917647878,0.2885502451535864,-0.14599710529378407
20000,-20,-0.550384359554549,0.2302504299701062,0.003094096694759251
20000,-19.5,-0.5338546638274513,0.22548491388785824,0.0004947589815827375
20000,-19,-0.5171848969646409,0.22066980583058124,-0.001967970830094827
20000,-18.5,-0.5003941214595391,0.21581044271368952,-0.004293912222665489
20000,-18,-0.4835456405267303,0.21091220300377533,-0.006504089413538665
20000,-17.5,-0.46672465700204036,0.20597529517946989,-0.008636330023795049
20000,-17,-0.44993287154828016,0.20098091533979034,-0.01070365856822577
20000,-16.5,-0.4329665024132865,0.19587706461297671,-0.012631667758436672
20000,-16,-0.41553442481913233,0.19060746302053966,-0.014281688658323443
20000,-15.5,-0.39766758220127696,0.18518784786020048,-0.015605698074656617
20000,-15,-0.3798104845656406,0.1797127837692306,-0.01670194105034641
20000,-14.5,-0.3623321175087375,0.17425661585888924,-0.017675206832643165
20000,-14,-0.34501939589654285,0.16878356445390436,-0.01851920212914884
20000,-13.5,-0.32733718082391333,0.16318869722146084,-0.019157637257566206
20000,-13,-0.30947200833446536,0.157448455711701,-0.01959184200652132
20000,-12.5,-0.2922761157389858,0.15160248402234378,-0.019900887715598132
20000,-12,-0.2762223074940722,0.14561904251862492,-0.02013237377185492
20000,-11.5,-0.2609213462385764,0.1393662801236096,-0.020290475711820678
20000,-11,-0.245191922676906,0.1327252027762486,-0.02033161196524963
20000,-10.5,-0.22809483780920342,0.12599977720530853,-0.020078631258312104
20000,-10,-0.20961464240418248,0.1198226589910552,-0.01956539079261514
20000,-9.5,-0.18853914429472848,0.11371548588662675,-0.020545176913395087
20000,-9,-0.16378149602076936,0.10601357974328633,-0.025995303033889108
20000,-8.5,-0.153870568210076,0.09768194237910514,-0.0327976254820228
20000,-8,-0.20099720909984448,0.09262191374511142,-0.031008449646813898
20000,-7.5,-0.2901568647364877,0.09045768180370259,-0.02125391367996416
20000,-7,-0.3630449414942639,0.08734611679174592,-0.013219587901359407
20000,-6.5,-0.41077445657265793,0.08206376406274436,-0.008490822738766992
20000,-6,-0.4343944728905729,0.07610387604666928,-0.004739423366141471
20000,-5.5,-0.4221886797844868,0.07073904767149111,-0.0023657427438279993
20000,-5,-0.3553867487474113,0.06542662724438764,-0.006383685612105006
20000,-4.5,-0.2385965316354957,0.05979560434939774,-0.01940072170906332
20000,-4,-0.13591307612248218,0.05522716621646064,-0.03237369841937611
20000,-3.5,-0.09130549036916297,0.05257612232280572,-0.03715115230916485
20000,-3,-0.08624477538449676,0.05109161008468573,-0.03557874879007152
20000,-2.5,-0.09370690909277524,0.05002378811657401,-0.03154236712725005
20000,-2,-0.10259744864419473,0.049162031068110124,-0.02675606446316745
20000,-1.5,-0.11037657592184302,0.04844537534729114,-0.02173872552084643
20000,-1,-0.11699913955788954,0.04780917732853255,-0.0166362754732396
20000,-0.5,-0.12271688190164629,0.04721542786324545,-0.011506810230771736
20000,0,-0.12710955186642892,0.04668731983718385,-0.006488072494725414
20000,0.5,-0.1285682914979097,0.04631869552513774,-0.0019325701278374546
20000,1,-0.12455367091177896,0.04625091976409929,0.0016012862726539274
20000,1.5,-0.11283046691901097,0.04661769660567414,0.0035995243668304013
20000,2,-0.09277087215898344,0.04749341762010409,0.0039115580386278204
20000,2.5,-0.0655598635243767,0.048881508275545764,0.002815098816070562
20000,3,-0.033400682296329254,0.050737639835489415,0.0007958213593744201
20000,3.5,0.0013977973461244686,0.05300103614012938,-0.0016945659061853111
20000,4,0.036973064999813066,0.05561649271685467,-0.004340540716932966
20000,4.5,0.07209253413357758,0.05854201432329125,-0.006961892594451749
20000,5,0.10608939147766977,0.061746450984685584,-0.009477302285754231
20000,5.5,0.13867982192491782,0.06520527674045622,-0.01186403528386439
20000,6,0.16978164366691773,0.06889907210078713,-0.01412866768388825
20000,6.5,0.1994045579426751,0.07281484525391732,-0.016294244002187354
20000,7,0.22761518380308193,0.07694887047504499,-0.01840009754297576
20000,7.5,0.25454240948611045,0.0813096766385018,-0.020507257403937582
20000,8,0.28038867344340995,0.08592036798044479,-0.022704881857605292
20000,8.5,0.305465730344058,0.09082498210738713,-0.025122498677622274
20000,9,0.3304766735345921,0.09612526789660547,-0.027982864892831937
20000,9.5,0.35770571560664677,0.10211865969637791,-0.03179448567182533
20000,10,0.39321214464788673,0.1095582069777537,-0.03766707445725639
20000,10.5,0.44300545631524524,0.1192656698359048,-0.046476813420081094
20000,11,0.4956884517301461,0.12972116656550967,-0.055713217571581625
20000,11.5,0.5323473730247881,0.13790978353623928,-0.06169387043003273
20000,12,0.5572369744274381,0.1444659512080305,-0.0652959106058145
20000,12.5,0.5811651365209973,0.15111765024245144,-0.06849094428477423
20000,13,0.6073071691106299,0.15838953664073838,-0.07179500355587795
20000,13.5,0.6338178411310292,0.1661040617058073,-0.0749985854935059
20000,14,0.6582156304725444,0.17374301476126483,-0.07790077772361978
20000,14.5,0.6806147480149429,0.1811048726431452,-0.0806134871370149
20000,15,0.7023777643714917,0.18819424143616656,-0.08336177412631432
20000,15.5,0.7240344223550681,0.1948867381527533,-0.08626051113184184
20000,16,0.7455037375293184,0.20111962769339642,-0.089323909086596
20000,16.5,0.7666178317811568,0.20696201215971294,-0.09252225436463549
20000,17,0.7872887537509192,0.21253445795388726,-0.09580827605247785
20000,17.5,0.8075749760289748,0.21795036323834324,-0.09912544496563008
20000,18,0.8276878281501803,0.22330932393526517,-0.10242037248419986
20000,18.5,0.8478307561522679,0.22868142559499038,-0.10567046558012506
20000,19,0.8680091572665904,0.23407806607050793,-0.10890698575123468
20000,19.5,0.8880211636788047,0.23945184806654446,-0.11220638986172639
20000,20,0.9076100871460153,0.24473317071758185,-0.11564552864636352
20000,20.5,0.9266532854201804,0.24988062826070756,-0.11924227575908417
20000,21,0.9452341839961993,0.2549055677186974,-0.12293866081178674
20000,21.5,0.9635330085471683,0.2598496975586031,-0.12665261819256307
20000,22,0.9816768480331707,0.26474857129428475,-0.13033667480793426
20000,22.5,0.9996890408222318,0.26961752666908917,-0.1339886215160402
20000,23,1.0175221389501914,0.27445740945964464,-0.13762940581649546
20000,23.5,1.0351066035164689,0.2792633199448699,-0.14128073396013274
20000,24,1.0523826398256135,0.28402930785420516,-0.14495405438155023
20000,24.5,1.0693117865782713,0.2887498227902038,-0.14864898343142646
20000,25,1.0858744954439952,0.2934199867713069,-0.15235674631292814
50000,-20,-0.5418086456714094,0.2126723306338578,-0.005204735227424144
50000,-19.5,-0.5275483729444687,0.2068151294209188,-0.00899869605557703
50000,-19,-0.5136390492941811,0.2008248181603271,-0.012748964067838436
50000,-18.5,-0.5001252914925923,0.19471002483622935,-0.01644863261549157
50000,-18,-0.48707198661876483,0.18847643173506062,-0.020087924775142228
50000,-17.5,-0.47457456857213753,0.18212569021831848,-0.023652571476901044
50000,-17,-0.46276208325403134,0.17565693202452237,-0.02712086497878986
50000,-16.5,-0.4517855321140838,0.16907144593357126,-0.0304599808576257
50000,-16,-0.44179759277055375,0.1623783092093921,-0.033625904165803217
50000,-15.5,-0.43298824364410093,0.15558737657148042,-0.036580777933152744
50000,-15,-0.4258763466336555,0.14863454116871022,-0.039360288050405326
50000,-14.5,-0.42208130168857577,0.14111940650176352,-0.042213431285492715
50000,-14,-0.4245795857744974,0.13200217518108204,-0.045560012128680584
50000,-13.5,-0.43343813190649355,0.12061781696864718,-0.0492886049786184
50000,-13,-0.45247263254061776,0.10701453795549284,-0.054882728689868994
50000,-12.5,-0.5225281012723156,0.08656097434914393,-0.06402831138817926
50000,-12,-0.570061602650201,0.07056363062446318,-0.06973365117689542
50000,-11.5,-0.5845118715910045,0.06166077905894716,-0.07297167881441556
50000,-11,-0.5876317908463873,0.05527424893993867,-0.07522908157787786
50000,-10.5,-0.5821107627125985,0.05005720190284561,-0.07696585286611618
50000,-10,-0.5687449989522528,0.04566296606792278,-0.07832551727896171
50000,-9.5,-0.548901675270724,0.04193707186768616,-0.07926948957082683
50000,-9,-0.5240997490728214,0.03879508710403469,-0.07970071787169564
50000,-8.5,-0.4957012545300314,0.036176724547100594,-0.07954810768010326
50000,-8,-0.4647955598147485,0.03402054287541393,-0.07879983141506042
50000,-7.5,-0.43210191853718855,0.03225286087819249,-0.07752523453374915
50000,-7,-0.39793135872977464,0.03078773721392879,-0.075881808529134
50000,-6.5,-0.3623273071748195,0.02953274133672463,-0.07407977755004028
50000,-6,-0.32535201826150517,0.028390928953935274,-0.07230885823256675
50000,-5.5,-0.2873656729245807,0.0272580823369317,-0.07065759316449324
50000,-5,-0.24895524205873726,0.02604802360537672,-0.06904137391722878
50000,-4.5,-0.21012646807863877,0.024791871921851633,-0.06725990876692453
50000,-4,-0.16971611225783975,0.023731248431388362,-0.06531853572639042
50000,-3.5,-0.12667852025410956,0.02311128185349376,-0.06346538050548588
50000,-3,-0.08126141412868058,0.022867536365725222,-0.06184553647867608
50000,-2.5,-0.03432422956436719,0.022795572371188393,-0.060421211087912256
50000,-2,0.01344474158516358,0.022775542286521743,-0.059130421560990236
50000,-1.5,0.061716137734061226,0.02276999205239235,-0.057962398015385844
50000,-1,0.11040413394139237,0.022778816065961025,-0.05693577911279135
50000,-0.5,0.15948813219354516,0.022815941494159206,-0.056056579919441206
50000,0,0.20890217631088187,0.02289777596229393,-0.05530451453739721
50000,0.5,0.2585152885783467,0.02303638562256401,-0.05464339636443363
50000,1,0.3081562108010057,0.023237504270294303,-0.05403328617604225
50000,1.5,0.3576393153318429,0.023501973679631576,-0.053435558156738734
50000,2,0.40677874308773343,0.023828043231495934,-0.05281361832296311
50000,2.5,0.4553933087693563,0.024213292626701383,-0.05213318987941313
50000,3,0.503306044914822,0.02465613687900561,-0.05136348563787636
50000,3.5,0.5503401463275608,0.02515705385892873,-0.05047860893535739
50000,4,0.5963121065239272,0.025719458899358272,-0.04945806746120578
50000,4.5,0.6410235608450605,0.02635017736828533,-0.04828606155334794
50000,5,0.6842551145806501,0.027059793565945785,-0.04695037026378433
50000,5.5,0.725765703285524,0.02786313571309781,-0.04544207537293726
50000,6,0.7652961870411744,0.02877922382872377,-0.0437564294858233
50000,6.5,0.8025674354643494,0.02982954560336999,-0.041893541093978
50000,7,0.8372585632040738,0.031036076859033573,-0.03985671268919615
50000,7.5,0.8689548829413616,0.03242424987858891,-0.037647753625964744
50000,8,0.8970718093446366,0.03403532583908492,-0.03526427710989168
50000,8.5,0.9208067946101499,0.03594648166055826,-0.032713373926540744
50000,9,0.939268169451687,0.038288016305590596,-0.030057602151325434
50000,9.5,0.9520114558699504,0.041230076992069646,-0.027472855753796866
50000,10,0.9599016086314105,0.044895220450617786,-0.025230264992984277
50000,10.5,0.9652779056575207,0.049228393144623454,-0.023567419768460236
50000,11,0.9705534519622372,0.05401719818752068,-0.02258504300753999
50000,11.5,0.9767387475631462,0.05909041747653177,-0.022260118145223648
50000,12,0.9835942309674854,0.06441379470081664,-0.022501818789299657
50000,12.5,0.9905605277100945,0.07001778165020955,-0.023212824220508056
50000,13,0.9972808724700437,0.07591854729141699,-0.02432502372742338
50000,13.5,1.0036524948719707,0.08209563833165752,-0.02579809051977556
50000,14,1.0096775576974797,0.08850083281727798,-0.02761182113638047
50000,14.5,1.0152941911139628,0.09506785431773324,-0.029765839332219556
50000,15,1.020293280425083,0.10170389682849437,-0.03227865444743789
50000,15.5,1.0243519488381492,0.10828206381616251,-0.03518189904950173
50000,16,1.0271049259403005,0.11475968846654215,-0.03852917711983419
50000,16.5,1.0281658908366988,0.12157118023220098,-0.042429276484505035
50000,17,1.0273777446035042,0.1297049700933615,-0.046986608271919104
50000,17.5,1.025293600149544,0.1393897582273425,-0.052219530601943
50000,18,1.0196326789414818,0.1503296236651484,-0.05882172187134961
50000,18.5,1.002614987647256,0.16424671119158127,-0.06736102801235395
50000,19,0.9812462323664025,0.18055060584448182,-0.07660722082807248
50000,19.5,0.9690657717248617,0.19557683859906633,-0.0859630217019865
50000,20,0.969806603465904,0.20687379109421933,-0.0942101635840147
50000,20.5,0.9797664018826325,0.2149257025770616,-0.10085656413683133
50000,21,0.9936292124139473,0.22160325881650275,-0.1065269688877173
50000,21.5,1.0083151112874615,0.22809225411480133,-0.11188575045518882
50000,22,1.0228852604906928,0.23470154084457479,-0.11723366444542258
50000,22.5,1.0373261867523047,0.24137584950589505,-0.12263199585425841
50000,23,1.0518126273296367,0.2480069453651452,-0.12805801345127601
50000,23.5,1.0664575723766756,0.2545230055485321,-0.13347675986511656
50000,24,1.0812856176244934,0.2608909394923714,-0.1388609425221005
50000,24.5,1.0962663975770621,0.26710129179712744,-0.14419184190133086
50000,25,1.1113464601436842,0.2731557667976955,-0.14945617343241574
50000,-20,-0.5363425365764033,0.217149606496971,-0.006475947444184112
50000,-19.5,-0.521480539127118,0.21184849075763898,-0.01002335744400329
50000,-19,-0.5069720980824663,0.20636186124972086,-0.013526943207583388
50000,-18.5,-0.4929369396182728,0.20066671718764353,-0.016996543100523568
50000,-18,-0.4795295402336174,0.1947292040047536,-0.020445500435932695
50000,-17.5,-0.46696293789680776,0.1884995842239817,-0.023891224993168692
50000,-17,-0.45551402753777037,0.18192006100862398,-0.027350286527553856
50000,-16.5,-0.4454674236954312,0.17495774141502193,-0.030824091521987146
50000,-16,-0.436987035931826,0.16765498780946883,-0.03428114464897472
50000,-15.5,-0.43001819447323697,0.16014770675711062,-0.03765961403324413
50000,-15,-0.4244238881385905,0.15257389217368778,-0.04091951545757606
50000,-14.5,-0.4204369792954989,0.14483562365974875,-0.0441347367073693
50000,-14,-0.4189451603279163,0.1364052787611707,-0.047479108691663906
50000,-13.5,-0.420330872345148,0.1267769924842093,-0.05090273308779227
50000,-13,-0.42370668516204313,0.11636329433897093,-0.0545731017009521
50000,-12.5,-0.44992317640554225,0.10305149977716999,-0.06160240749998449
50000,-12,-0.5321379109834836,0.08353776213369925,-0.07051647124295174
50000,-11.5,-0.5895461709297486,0.07014965664077506,-0.07390209733356376
50000,-11,-0.6224783861824199,0.06282630877244648,-0.07316345065696464
50000,-10.5,-0.6518848847716502,0.05739779118733465,-0.06985745945265145
50000,-10,-0.6752185489439869,0.052912553654653874,-0.06504384374235951
50000,-9.5,-0.6866142357625119,0.04910560238528244,-0.0600954900010364
50000,-9,-0.6822811269761304,0.045733276542193606,-0.056280877053121375
50000,-8.5,-0.6612480268103875,0.042630723707178506,-0.054355773587492884
50000,-8,-0.6254312124572541,0.03974551485122907,-0.054392669526995785
50000,-7.5,-0.5790297437823652,0.03709224611357994,-0.05588615861948703
50000,-7,-0.5271499489770066,0.034677652348699836,-0.058074453227139076
50000,-6.5,-0.4744527678280035,0.03244792221570872,-0.06026838859474588
50000,-6,-0.4245473187858636,0.030298570932001754,-0.06197974419663267
50000,-5.5,-0.37900823282189644,0.02823862750314957,-0.06278683411068292
50000,-5,-0.33507238218124535,0.02671964876408571,-0.0623449001486402
50000,-4.5,-0.28896335465805956,0.026306204647198773,-0.06108987965565714
50000,-4,-0.2405645618483831,0.026660373675129693,-0.059596154366283696
50000,-3.5,-0.19095532825631778,0.02723482141467189,-0.05788493253522911
50000,-3,-0.14104720533449566,0.02780882619141035,-0.055948582700278915
50000,-2.5,-0.09113145279145676,0.02824536490567822,-0.054006852966382426
50000,-2,-0.04092486746973305,0.028442611120885385,-0.0523509522794627
50000,-1.5,0.009891378242261495,0.028422142293271353,-0.051089246314500174
50000,-1,0.061373101256115,0.028283509473066588,-0.05015239975583641
50000,-0.5,0.11335780797816825,0.028113458146537266,-0.049423872079750686
50000,0,0.16553993963975197,0.027960097998887434,-0.04879708266207269
50000,0.5,0.21753567707262056,0.02784459168651936,-0.0481817289702179
50000,1,0.2689869283579023,0.02777440516797504,-0.04751086647445749
50000,1.5,0.31970378070432137,0.027751546808721335,-0.04676143326364934
50000,2,0.3698146201893869,0.027779321335070044,-0.04598320280291227
50000,2.5,0.4198291801476652,0.027868531367116724,-0.04531189761873894
50000,3,0.47044349916539846,0.028037817857454832,-0.04492311451172897
50000,3.5,0.5220490538209199,0.0283039062344058,-0.04491661323548427
50000,4,0.5743199265764874,0.028669833205292025,-0.04521859295103287
50000,4.5,0.6263422827371303,0.029124019807005408,-0.04561130592942384
50000,5,0.677167533221884,0.029650014189197365,-0.045862067925824236
50000,5.5,0.7262667297644085,0.03023625343225616,-0.045827818803527966
50000,6,0.7736113166458651,0.03087901319588899,-0.04547245230484877
50000,6.5,0.8194163462327393,0.03157953971419831,-0.04481550799788061
50000,7,0.8636851642387702,0.032341561183025246,-0.04385756497285617
50000,7.5,0.905814184304433,0.03317666755433055,-0.0425378480014173
50000,8,0.944583866890121,0.034118555471215284,-0.04076611289944569
50000,8.5,0.9785920333440759,0.035235831829667816,-0.03850774691070224
50000,9,1.0067312690278967,0.03663006475475172,-0.035840865637795254
50000,9.5,1.028238217205683,0.03842423046420356,-0.032924612199148294
50000,10,1.042403754164754,0.04077474847453128,-0.029928171484928382
50000,10.5,1.048714005800651,0.043902969864062655,-0.02705611151756895
50000,11,1.0480596016697523,0.048021350273521425,-0.024621185690468266
50000,11.5,1.0439860218574728,0.05307894698074128,-0.022873825719406517
50000,12,1.0411180129107966,0.05864523358306615,-0.021802404800798536
50000,12.5,1.0419299240999118,0.06426475792002663,-0.02123439786963125
50000,13,1.046473168178399,0.06975146786120562,-0.02099123437078949
50000,13.5,1.054065728000494,0.07507634123723439,-0.020939663538585385
50000,14,1.0641140007929768,0.08022911634390426,-0.02101924708273254
50000,14.5,1.0759372387847275,0.08523784485164096,-0.021258468507547704
50000,15,1.08833552353783,0.09026417458529742,-0.02178384799737206
50000,15.5,1.0993576891819428,0.09567157439489037,-0.02283432626203241
50000,16,1.1065920252510444,0.10195980743365271,-0.024757317378456878
50000,16.5,1.1080980293761664,0.10942337765602027,-0.02794047269050632
50000,17,1.1013414498982839,0.11847950691357886,-0.03290471726655392
50000,17.5,1.0657943217929968,0.13536469741974827,-0.0419149329524766
50000,18,0.9919548775806853,0.16220121712723548,-0.05782898583138451
50000,18.5,0.9651748195528732,0.1797373026384257,-0.07029858914990057
50000,19,0.9586753436877314,0.19297090446652188,-0.07884489975831008
50000,19.5,0.961529058440109,0.2032300774873236,-0.08670813757958239
50000,20,0.9711101847294245,0.21080849147535935,-0.09353449455655259
50000,20.5,0.9834532701225163,0.21732355117196267,-0.09962198554408748
50000,21,0.9963800073638823,0.22388538791694185,-0.10542598056127458
50000,21.5,1.0092320173612532,0.23080700868955742,-0.11114981807994072
50000,22,1.022057052483182,0.23797158913947603,-0.11681605879057132
50000,22.5,1.0350810443810778,0.24515298836854768,-0.1223895239850954
50000,23,1.0484687435495663,0.25216788376113836,-0.12784048294510986
50000,23.5,1.0622705460221167,0.2589130402185343,-0.1331593776239158
50000,24,1.0764524609377688,0.2653509555691085,-0.13835066075785007
50000,24.5,1.0909402073407337,0.27148286983875397,-0.1434236078835712
50000,25,1.1056487175100804,0.2773271574557675,-0.14838669077439445
50000,-20,-0.5311460940446183,0.22123481810149295,-0.004403978772922029
50000,-19.5,-0.5156901509541698,0.21671931780334394,-0.007706818633515626
50000,-19,-0.5003344768862789,0.21211216323941778,-0.010917057392149439
50000,-18.5,-0.4851255703957681,0.20740383084563116,-0.014024173591930667
50000,-18,-0.47011863008155697,0.20258543891063643,-0.01701609148870742
50000,-17.5,-0.4553774332362794,0.19764992119921873,-0.01987999516295442
50000,-17,-0.4409722486955465,0.19259377926046428,-0.02260326359613122
50000,-16.5,-0.4269743411508432,0.1874193033460154,-0.025173338611808604
50000,-16,-0.4134455719345266,0.18213691906763116,-0.02757488631513731
50000,-15.5,-0.40042302226273346,0.17676703616342013,-0.02978319293403097
50000,-15,-0.38790313748538935,0.17134024848958457,-0.0317552797070125
50000,-14.5,-0.37583898132944416,0.16589377312686024,-0.033425422525482695
50000,-14,-0.3641731708628234,0.160461637337255,-0.03471677893150486
50000,-13.5,-0.35291890444814705,0.15505968467659315,-0.03557380524715672
50000,-13,-0.3422598005318307,0.149674692734833,-0.03599411546056867
50000,-12.5,-0.3326096131494122,0.14426968656366537,-0.0360244660412033
50000,-12,-0.3245924605340347,0.13880725338216454,-0.035712647293227665
50000,-11.5,-0.31890605981085435,0.13327640429247337,-0.03503900735582039
50000,-11,-0.31606664643464555,0.12769145134998686,-0.0338961991992678
50000,-10.5,-0.3166683269517211,0.12205922078676178,-0.03239368703130154
50000,-10,-0.32581685838769886,0.11606012252567519,-0.03214216077856576
50000,-9.5,-0.3830829452604398,0.10463730121194273,-0.03764313616368498
50000,-9,-0.5629276712505296,0.07952188848192869,-0.04679003177174661
50000,-8.5,-0.6882078601591215,0.06373911613514253,-0.046458610257705785
50000,-8,-0.7203622006164376,0.05733158473653613,-0.04192409293754548
50000,-7.5,-0.7267581553813256,0.0516154681928538,-0.037923234093857616
50000,-7,-0.7185523273846464,0.046228226152173625,-0.03445573163623214
50000,-6.5,-0.6962082209671248,0.041697854874981406,-0.03180950086140977
50000,-6,-0.6630421111906788,0.03806002836799724,-0.03007128402862519
50000,-5.5,-0.6241912837407537,0.035168425447229174,-0.02862555764091323
50000,-5,-0.5863038768273119,0.03298373117930284,-0.02584377676103584
50000,-4.5,-0.5576156624616636,0.031928244838813916,-0.019431164002296275
50000,-4,-0.5395116168328423,0.032560633413244375,-0.008987374284129464
50000,-3.5,-0.5295248024846693,0.03450630594595846,0.004068582972902821
50000,-3,-0.5215890691210939,0.03649197434281247,0.01697890448426784
50000,-2.5,-0.4964816357199647,0.037846003792045016,0.024882148509889294
50000,-2,-0.4385517895250335,0.038697989600179776,0.024534655022053552
50000,-1.5,-0.3531259198096341,0.0392203619953962,0.01713072199375993
50000,-1,-0.25509713271261125,0.03959781897421885,0.005942034523329967
50000,-0.5,-0.15720226161630357,0.04000031667564001,-0.0061390890759150845
50000,0,-0.06832987742771654,0.040509181723607735,-0.017056103305087743
50000,0.5,0.006122416428025412,0.04115993813881516,-0.02552398714394289
50000,1,0.06447139839884697,0.04199444949015225,-0.031047766224422846
50000,1.5,0.10876826500337583,0.043066981574529754,-0.033912032458280554
50000,2,0.14384731603793083,0.044426795442323315,-0.03499377502118391
50000,2.5,0.17548887984622566,0.04610674348330808,-0.03540415030719207
50000,3,0.20841261177360138,0.04812301118236552,-0.036088954321469253
50000,3.5,0.24495276980492872,0.05047809743141868,-0.03755246879918326
50000,4,0.28488738874829217,0.05316149860005889,-0.039802767673763034
50000,4.5,0.3261929161480388,0.05614681849901578,-0.04248183179906347
50000,5,0.36612734184803525,0.059388192670823126,-0.04506672317808627
50000,5.5,0.4023110173677969,0.06282631195400276,-0.047073058622341124
50000,6,0.4337539984229162,0.06641485952350562,-0.048247485078940736
50000,6.5,0.4614689680816217,0.07015400773224696,-0.048684209157426786
50000,7,0.4880046564229503,0.07408704386307072,-0.048744395145916504
50000,7.5,0.5160557707902355,0.07824067325477281,-0.0488065542559331
50000,8,0.5473135667256239,0.08255222426020674,-0.04907204231290531
50000,8.5,0.5821302891675462,0.08680777197797877,-0.04954381917046725
50000,9,0.6204799335766494,0.09042299939276775,-0.050043403747995555
50000,9.5,0.6691916369580195,0.0915033915186247,-0.05009468130127826
50000,10,0.7546758433668002,0.0859930595664764,-0.04882911652754772
50000,10.5,0.8972448949695078,0.07292874474889803,-0.04527145097780199
50000,11,1.058797078799365,0.05951908336457268,-0.03928171118827228
50000,11.5,1.1765541539505655,0.05228340857666631,-0.032623414852788815
50000,12,1.2333445383088386,0.05154331880932618,-0.027405967120853504
50000,12.5,1.2564840760942193,0.054684311677250984,-0.023694448007954057
50000,13,1.267148427185889,0.05967706369268181,-0.02079597797713146
50000,13.5,1.2631526953738648,0.06639450462844558,-0.019384061027962345
50000,14,1.208135393611725,0.07918036502394385,-0.0233088555058271
50000,14.5,0.9977436901822057,0.11556745146246024,-0.03966173643145388
50000,15,0.808579725629437,0.16146719105575505,-0.06126861134561071
50000,15.5,0.7956072888753059,0.1786249762339954,-0.07269361782569735
50000,16,0.8084020207984723,0.188749092256677,-0.07708495332206813
50000,16.5,0.8217776816519855,0.19625231902581497,-0.0803856608005675
50000,17,0.8360968127975391,0.20216296942632714,-0.08387676317132618
50000,17.5,0.8513433680737015,0.2075087769821866,-0.0874736575177799
50000,18,0.8671044441742828,0.2127285365321692,-0.09108750932021342
50000,18.5,0.8830133840099237,0.21797161143260588,-0.09474466782788259
50000,19,0.8989062570990484,0.22328518835135241,-0.0985093951933212
50000,19.5,0.9147694192433017,0.2286704749794136,-0.1024286792141494
50000,20,0.9306640491179563,0.23409980440209488,-0.10650990692017195
50000,20.5,0.9466697551046339,0.2395297957031622,-0.1107273753096642
50000,21,0.9628441396774997,0.24491574172163252,-0.11504373799226503
50000,21.5,0.9792042175075544,0.25022180060054877,-0.11942688066091535
50000,22,0.995728526779556,0.2554244245952927,-0.12385517228594824
50000,22.5,1.0123693221789674,0.2605111536790892,-0.12831535490833687
50000,23,1.0290655806180538,0.2654777296777528,-0.13279854497875002
50000,23.5,1.0457528589584086,0.2703252622689437,-0.1372970123425163
50000,24,1.0623694894195252,0.275058037377591,-0.14180233979574683
50000,24.5,1.0788598388773651,0.27968198502065833,-0.14630476751887345
50000,25,1.0951755431295018,0.28420364279958193,-0.15079333820831295
100000,-20,-0.5381938235449062,0.21213432875533256,-0.005867779408731025
100000,-19.5,-0.523347178628515,0.2062509083500754,-0.009681879606948078
100000,-19,-0.5090353800426877,0.20015786738346672,-0.013460793516407102
100000,-18.5,-0.4954149574547886,0.1938385205840878,-0.01720059041446117
100000,-18,-0.4826799590904803,0.18727794344797818,-0.020889801971668575
100000,-17.5,-0.47106689906019555,0.18046705537820876,-0.02450337450035339
100000,-17,-0.4608454358029328,0.17341083399896903,-0.02799497569352524
100000,-16.5,-0.4523128274338723,0.16612853718953008,-0.031299704582983284
100000,-16,-0.44600660318351804,0.158576492722317,-0.034396997269162455
100000,-15.5,-0.4439644232114256,0.15024982095240913,-0.037528494279733135
100000,-15,-0.4519620664416547,0.1392998996385878,-0.04129900470526584
100000,-14.5,-0.47199198698133976,0.12406072348698374,-0.04641418766799204
100000,-14,-0.5590866864957912,0.09790640193745542,-0.05986360841056185
100000,-13.5,-0.6591148255679828,0.07050982460747146,-0.07203620904763891
100000,-13,-0.6818448426950664,0.05876483640678593,-0.07813622627559494
100000,-12.5,-0.692088878678123,0.05124790640003453,-0.08210460000834831
100000,-12,-0.6916927872584236,0.04540288559671888,-0.08483772998264172
100000,-11.5,-0.6808799534206973,0.040743040400495825,-0.08684796597431256
100000,-11,-0.661563703983475,0.036915730254266026,-0.08840456885603033
100000,-10.5,-0.6357885052609187,0.03371758474962879,-0.0895504550821791
100000,-10,-0.6053890846829157,0.031036095934115857,-0.09021816982134925
100000,-9.5,-0.572014075316127,0.028797747885992566,-0.0902988365388118
100000,-9,-0.5369554214766847,0.026938207550553563,-0.0897216596818647
100000,-8.5,-0.5007992400641699,0.02539135034646512,-0.08854422367124634
100000,-8,-0.463376205989232,0.024092625984976794,-0.08696370124578295
100000,-7.5,-0.4241648988511958,0.02298694792907039,-0.08523059266898506
100000,-7,-0.38277161010600474,0.022032431020866293,-0.08355255911623803
100000,-6.5,-0.3391395199434074,0.02119830912929512,-0.08205590111441537
100000,-6,-0.29348121813044664,0.020460697918715996,-0.08079970389539488
100000,-5.5,-0.24613621113415535,0.019798892549061347,-0.07980782500669346
100000,-5,-0.1975669086006601,0.01918770024204897,-0.07908783331831276
100000,-4.5,-0.14851622251585517,0.018584234434606734,-0.07860343149521712
100000,-4,-0.099982882074898,0.017919013748164625,-0.0781457532784833
100000,-3.5,-0.05256594922168113,0.017147407552232145,-0.07739542495422022
100000,-3,-0.005481717856971394,0.01640701100466992,-0.07632707953546287
100000,-2.5,0.04278764877919476,0.015953519595761783,-0.07527163563596342
100000,-2,0.0928756415577161,0.01580682201027893,-0.07448540635860242
100000,-1.5,0.14454074337306477,0.015814751232884245,-0.07396495376428468
100000,-1,0.19725041094538967,0.01587212735465343,-0.07362202374413308
100000,-0.5,0.2505135553693259,0.01594760851972259,-0.07337151314255388
100000,0,0.30396377103604794,0.016042933370892395,-0.07314718394743744
100000,0.5,0.357324251826251,0.016165735208068858,-0.07290045267939577
100000,1,0.41037008344395765,0.01632112161396371,-0.07259546999194262
100000,1.5,0.46290999805918287,0.01651144433558312,-0.07220419216532784
100000,2,0.5147755096877568,0.016737767743824773,-0.07170251985467598
100000,2.5,0.5658094229231005,0.017001001946831424,-0.07106745916130715
100000,3,0.6158533951264652,0.01730272125810755,-0.07027523887558504
100000,3.5,0.664736448583748,0.017646301475318486,-0.06930029526866086
100000,4,0.7122640504993103,0.018038736418042496,-0.06811453464945497
100000,4.5,0.7582042911762865,0.018492233462033703,-0.06668610440921421
100000,5,0.8022663944382914,0.019023671112186242,-0.0649773180496605
100000,5.5,0.8440662051375531,0.019652464800301177,-0.06294145241659432
100000,6,0.8830749738451535,0.020401682868923247,-0.060519366416928906
100000,6.5,0.918564905889638,0.021305540902626,-0.05764357251201907
100000,7,0.9496197349949029,0.022418768445208976,-0.05426940917925239
100000,7.5,0.975375469797614,0.023817820772113172,-0.05045319990350452
100000,8,0.9956841753732923,0.025579600693450256,-0.046430312800252664
100000,8.5,1.0119430363842776,0.02771842503085218,-0.04255099345867551
100000,9,1.0268415727669218,0.030126009820531662,-0.039090411593799675
100000,9.5,1.042515740629479,0.03265218047207727,-0.03616250528483895
100000,10,1.0593102673663022,0.03524957089564846,-0.03374128719561026
100000,10.5,1.0763941856711465,0.03797690573642843,-0.03170691194347672
100000,11,1.0927329791821507,0.040929394189504364,-0.029939263792377054
100000,11.5,1.1075457298353726,0.04420292060052381,-0.028382323589453765
100000,12,1.120407099617838,0.04787912568054859,-0.02705285657416334
100000,12.5,1.1311909140414897,0.052014956573130613,-0.02601461227024782
100000,13,1.1399722857050347,0.05663866484583404,-0.025345924940041443
100000,13.5,1.1469616033265653,0.06175195185663016,-0.025119777865921417
100000,14,1.152469382547892,0.06733522347205478,-0.025394752971894134
100000,14.5,1.1568482654983137,0.0733560222751881,-0.026209920483057318
100000,15,1.160377905553743,0.07978447367452066,-0.027585205296021344
100000,15.5,1.1631390692180097,0.08661138232644368,-0.02952774342817687
100000,16,1.1649897675405603,0.09384100929406078,-0.03203182319844924
100000,16.5,1.1657160071028945,0.1014140804959963,-0.03506044794361884
100000,17,1.1652653793322123,0.10905795123618446,-0.03852694924987214
100000,17.5,1.1637909777071815,0.11626437673929764,-0.042339587086393494
100000,18,1.1612625216966999,0.12292213371175392,-0.046566442560727214
100000,18.5,1.1569957050888928,0.1303404087148771,-0.05154903808500578
100000,19,1.150303174262891,0.14005451110841066,-0.05750858792973211
100000,19.5,1.1421654000891408,0.151391345620727,-0.06423882187567607
100000,20,1.1308381663233162,0.16394998908442734,-0.07296166431900293
100000,20.5,1.0980466585276818,0.1823220499911728,-0.08516993015781517
100000,21,1.0559468380001198,0.20510081434319144,-0.09725278914784703
100000,21.5,1.03294718159252,0.22404586963666814,-0.10798519171710617
100000,22,1.0350702539870018,0.23508989217169451,-0.11620208150287875
100000,22.5,1.0496785087589258,0.24164045247547272,-0.12252407124466627
100000,23,1.0660849974497442,0.24744407701238127,-0.12822994014978878
100000,23.5,1.0817671814464744,0.2534786244552145,-0.13387508717430316
100000,24,1.0969667825673386,0.2596598947212107,-0.13952470899425717
100000,24.5,1.1120563441938969,0.2658035072020869,-0.14512207263398522
100000,25,1.1271908906580854,0.27179955405968387,-0.1506209063417031
100000,-20,-0.5353210920722359,0.21319363279372708,-0.006860217907299175
100000,-19.5,-0.5202753498782284,0.20761536785361112,-0.010589893879722803
100000,-19,-0.5056643249028164,0.20183330536062108,-0.014284207295871943
100000,-18.5,-0.4916734843565545,0.1958013451258223,-0.017951919998058175
100000,-18,-0.47855532654731614,0.18946148300112356,-0.021601011778487278
100000,-17.5,-0.46663120840461747,0.18275348815673145,-0.025232847248993148
100000,-17,-0.45625167215741724,0.17564361501449724,-0.028831922169805145
100000,-16.5,-0.44773114433764505,0.16816326674640136,-0.03235947684022634
100000,-16,-0.4414324228850077,0.1603823087041958,-0.03578266065651992
100000,-15.5,-0.4384173649105352,0.1520927133181009,-0.03918510509851663
100000,-15,-0.4410064961529552,0.14214341020117718,-0.0428129867414108
100000,-14.5,-0.44864765365243253,0.12926963191651766,-0.04731454974375116
100000,-14,-0.5039109184206787,0.10781804495003408,-0.05867148989264639
100000,-13.5,-0.6323194057295887,0.07788790043972574,-0.07223501240944162
100000,-13,-0.6716051471560509,0.06382999346824778,-0.07798626413160765
100000,-12.5,-0.6944590840764087,0.056432540196620404,-0.07979552695643412
100000,-12,-0.7140054719749802,0.050726069335327806,-0.07917155598356797
100000,-11.5,-0.7259785134761364,0.04620769403564145,-0.07704052146658849
100000,-11,-0.7281381360860262,0.04248473075526245,-0.0744567275419561
100000,-10.5,-0.7194845726076758,0.03921546537285181,-0.0722940692577429
100000,-10,-0.6997746787919262,0.03619409813163718,-0.07110231576868577
100000,-9.5,-0.6696969998534079,0.03335218004239199,-0.07105388270793163
100000,-9,-0.6309038891548578,0.03071170669512523,-0.07199290273131266
100000,-8.5,-0.5855916214346886,0.02832484790187372,-0.07357754901194591
100000,-8,-0.5359140901875009,0.02623071566740294,-0.07543778311217274
100000,-7.5,-0.4836373328860625,0.02443772919549227,-0.07726966058173493
100000,-7,-0.4301165070784196,0.022922978668952293,-0.07885952520867877
100000,-6.5,-0.3763936240467943,0.021634856039554402,-0.08008879174280421
100000,-6,-0.32335658078629465,0.020483575300739788,-0.080953446154061
100000,-5.5,-0.2721324279351164,0.019327213513697327,-0.0815177219023058
100000,-5,-0.2235166443267657,0.01805635976329977,-0.08147430176114467
100000,-4.5,-0.17513853016665692,0.01697916807074065,-0.08043478614367135
100000,-4,-0.12392652051969474,0.016652358517717788,-0.07927571885650672
100000,-3.5,-0.07006121333472806,0.01678303948079886,-0.07847374800165922
100000,-3,-0.014969050770251402,0.016938121654196336,-0.07784810573999364
100000,-2.5,0.040304636960747,0.017027755572057924,-0.0772474466485833
100000,-2,0.09538353976721149,0.017073928216489166,-0.07663641663123587
100000,-1.5,0.15015821570876473,0.017091015253427332,-0.07603625043629633
100000,-1,0.2045582655099493,0.017088720848248373,-0.07545957113930261
100000,-0.5,0.25856122990701397,0.017081242853555993,-0.0749031992067596
100000,0,0.3122146186792547,0.017082961784298228,-0.07436480497315322
100000,0.5,0.3656068760279618,0.01710473146230041,-0.073847615436061
100000,1,0.41882394995611594,0.01715367590668871,-0.07335541980029486
100000,1.5,0.4719147610719157,0.017233933906586747,-0.07288654190632744
100000,2,0.5248659851051968,0.017347132742559522,-0.07242860355194018
100000,2.5,0.5775813666286035,0.0174925239022013,-0.07195316274717149
100000,3,0.6298652558863547,0.017667008898067344,-0.07141080239246153
100000,3.5,0.6814231549725014,0.017865385464302785,-0.07073123849568319
100000,4,0.7319077528783441,0.018081232362817112,-0.06983687400668548
100000,4.5,0.781018467526956,0.018309119577391095,-0.0686719758861388
100000,5,0.8285694969565695,0.01854898562971731,-0.0672244823487903
100000,5.5,0.8744003512802749,0.018810974132070644,-0.06550595370363572
100000,6,0.918198012910548,0.01911539896066823,-0.06350524563986037
100000,6.5,0.9594628111508552,0.019487951140038148,-0.061174817075617755
100000,7,0.997643058994145,0.019959446568537334,-0.05846103642522074
100000,7.5,1.0322343909194405,0.02057551627134832,-0.055337752829421744
100000,8,1.0626903291839418,0.021405894128946126,-0.051815099900582154
100000,8.5,1.0881495848715923,0.022548516826693128,-0.04792313636019931
100000,9,1.1072862498730105,0.024145393437291714,-0.04371848642264036
100000,9.5,1.1189581742304018,0.026389119525952874,-0.039407182719636766
100000,10,1.1239426390356015,0.029442773733561137,-0.03542027243957964
100000,10.5,1.126072497907817,0.03322329553459666,-0.03213451010177585
100000,11,1.129630442907696,0.03736416262306469,-0.02966177567714376
100000,11.5,1.1358121005510609,0.04160351599743488,-0.027932237399813712
100000,12,1.1433582396670277,0.04595512842679043,-0.026747011293500447
100000,12.5,1.150773852428847,0.05052690856356684,-0.025898330638851788
100000,13,1.157229259958053,0.05538667923196189,-0.025279311426919655
100000,13.5,1.1625868758352371,0.06053837300323147,-0.024872293155883553
100000,14,1.1672236212100422,0.06593137560471266,-0.024701456660019366
100000,14.5,1.1718184472073656,0.07147489449197567,-0.02479425405740267
100000,15,1.1771041038829166,0.07705930414712878,-0.025160675694930232
100000,15.5,1.1836027702324925,0.0825890186678451,-0.025794710505484205
100000,16,1.1914079248988516,0.08802155970929558,-0.026692842445844467
100000,16.5,1.2000679697996106,0.09340057531976442,-0.02787606301840743
100000,17,1.2085905516869557,0.09887333076565188,-0.029405239580258643
100000,17.5,1.2155605551236612,0.10468112179034421,-0.03138845160081312
100000,18,1.2193682319240613,0.1110740941251811,-0.03398234499868873
100000,18.5,1.2185914626568668,0.11806030555872428,-0.0374038372004617
100000,19,1.2122367778055616,0.12575535134260155,-0.04215459977882928
100000,19.5,1.196846916095769,0.1377409250946301,-0.04963596485763901
100000,20,1.144497076027977,0.15973873353278478,-0.06212171809046596
100000,20.5,1.0516162681282302,0.1927719137967942,-0.08286031658823428
100000,21,1.018068833954527,0.21480779698019056,-0.09734711382228758
100000,21.5,1.0108849232581603,0.2293152731362759,-0.10680595362085209
100000,22,1.0203137637596076,0.2374364507100085,-0.11430826760293852
100000,22.5,1.0359677127193054,0.24312976785865986,-0.12065818776219017
100000,23,1.0523982914871566,0.2487967025234798,-0.12665676111807747
100000,23.5,1.0686065074727635,0.25477891551825077,-0.13255112693844795
100000,24,1.0847059734896836,0.2608526652361563,-0.13832662392473896
100000,24.5,1.1008292588623503,0.26681158115571596,-0.1439407669439295
100000,25,1.1169909214129532,0.27255686102697846,-0.1493779023377643
100000,-20,-0.5204699643432875,0.21575372040841725,-0.007646458642406663
100000,-19.5,-0.5049995286330616,0.2110056297870555,-0.011116467891820392
100000,-19,-0.48973431348114904,0.20614296554698336,-0.014514095911479737
100000,-18.5,-0.47474734727007295,0.20115601077638462,-0.017836606382378564
100000,-18,-0.46012024695540726,0.19603552273041977,-0.021080154036458878
100000,-17.5,-0.44594061924821454,0.19077363700125663,-0.024238842228602623
100000,-17,-0.4322980624839448,0.18536527472411915,-0.02730340717683439
100000,-16.5,-0.41927964060258593,0.17981010785085394,-0.030259207626765747
100000,-16,-0.40696689735678576,0.17411505919134687,-0.03308304910570725
100000,-15.5,-0.39543794873994187,0.1682972891332779,-0.03573852654101836
100000,-15,-0.38477930425401574,0.16238767816576255,-0.03817069342825457
100000,-14.5,-0.3751105818933973,0.15643460039768925,-0.04030371488108769
100000,-14,-0.366613004071913,0.15050622073719505,-0.04204908120219952
100000,-13.5,-0.35950848602763386,0.14468557427050283,-0.04333310270819575
100000,-13,-0.3538544698845088,0.13904737474759252,-0.04414977895838376
100000,-12.5,-0.3491437884438236,0.13359325992071452,-0.04467061643794982
100000,-12,-0.34534087828484034,0.12799529039122,-0.045579061648271496
100000,-11.5,-0.35364508270294204,0.12017514541553753,-0.04875087899889886
100000,-11,-0.4271238482576086,0.1027328928589937,-0.05613667555835034
100000,-10.5,-0.5991385708102478,0.07536549209537678,-0.06290314891891913
100000,-10,-0.7319936059021727,0.05802849864921445,-0.060093798852482186
100000,-9.5,-0.7891821023008209,0.05116982162212661,-0.05154926200976267
100000,-9,-0.8115748482265774,0.046890625052691384,-0.04373309499497668
100000,-8.5,-0.8095464466690429,0.04285802667738806,-0.03822023696562118
100000,-8,-0.7849000701165574,0.038987357046682554,-0.03544739058700187
100000,-7.5,-0.7396380012047106,0.035392286969573424,-0.0357770372906932
100000,-7,-0.6774380625178282,0.032184885971107725,-0.03897944788102749
100000,-6.5,-0.6040667456425247,0.029463807623311553,-0.04412581174142465
100000,-6,-0.5266997323635463,0.02720598056833311,-0.050070212959769364
100000,-5.5,-0.45325208240634746,0.02518354759241338,-0.055849623499237756
100000,-5,-0.3892272222854707,0.02327871199359384,-0.060186615257932376
100000,-4.5,-0.3300898629083552,0.022324472308387043,-0.06162426392595914
100000,-4,-0.27233124152006116,0.023062285861577374,-0.06125345788099607
100000,-3.5,-0.2181643353063935,0.0244873029334116,-0.059777653470769965
100000,-3,-0.16810047235931946,0.025947108480859845,-0.0572469887123694
100000,-2.5,-0.12040010442267249,0.027199752400337295,-0.054025980825679575
100000,-2,-0.07293624624773407,0.028015063590492082,-0.05078601292256652
100000,-1.5,-0.023779593248775835,0.028314665803541254,-0.04811180970676937
100000,-1,0.028385128485293065,0.02820567902385475,-0.04625468273412204
100000,-0.5,0.08386991270670366,0.027838892290099063,-0.04519461340435221
100000,0,0.14202311630445943,0.02732858054977214,-0.044747945404926624
100000,0.5,0.2016169563708935,0.0267484506126736,-0.044653563184723744
100000,1,0.2615477485863359,0.02614579637976964,-0.04470386934414292
100000,1.5,0.3217016954310469,0.02556027028790002,-0.04491645986646331
100000,2,0.38356734557279454,0.02504174058833783,-0.045652541497077884
100000,2.5,0.44983027774046846,0.02464729506112369,-0.047511857312795586
100000,3,0.5223932838405618,0.024407485362146375,-0.05089274385254533
100000,3.5,0.6000675365158945,0.024291426370538282,-0.05550614122984727
100000,4,0.6785077665417727,0.024210475463056196,-0.06038768335076543
100000,4.5,0.7528744034804399,0.02406508798983802,-0.06447199643138311
100000,5,0.8208244612776356,0.02380385155319857,-0.06722081754245869
100000,5.5,0.8833315812675439,0.023452742309701177,-0.06881287662777057
100000,6,0.9428957482523932,0.023094606400060214,-0.06979526908752698
100000,6.5,1.0009724724126905,0.022821174112228063,-0.07052933242924213
100000,7,1.0570049900305383,0.022694038708511406,-0.07093482940822585
100000,7.5,1.1092047638751412,0.02272897065675804,-0.0706460960583825
100000,8,1.1553009460437973,0.022903849447660867,-0.06922532247025917
100000,8.5,1.1924998962782989,0.023199228439523833,-0.06621688476104229
100000,9,1.2173375536733593,0.023684515148117938,-0.06121121792395454
100000,9.5,1.2264548379468523,0.024630877233163935,-0.05414820128767159
100000,10,1.2196140202273447,0.02649767960712293,-0.04585239130906281
100000,10.5,1.2038192303714772,0.029611844485571494,-0.038032438848768876
100000,11,1.1920999626268463,0.033751175293215724,-0.03204591241456105
100000,11.5,1.1950078041309198,0.03806175332691811,-0.028126623637209112
100000,12,1.2145299797437636,0.04184084221636143,-0.025755912704131807
100000,12.5,1.2467587493727326,0.04506225226034365,-0.024274484726568287
100000,13,1.2859817903570594,0.04808555697344319,-0.023238634402989233
100000,13.5,1.3261677615353027,0.05131292749093541,-0.022325941711008025
100000,14,1.360791138623192,0.05506020751558498,-0.021121215585818223
100000,14.5,1.3826619809703422,0.05956508937534903,-0.019123179188360522
100000,15,1.3853629833225845,0.06509490686796467,-0.01612392574896461
100000,15.5,1.3666701344855792,0.07210992565484689,-0.012808021983226317
100000,16,1.3322008059695374,0.08102976622742819,-0.011011598523068601
100000,16.5,1.292459766511635,0.09094423752534972,-0.01302803747800141
100000,17,1.2036709455442693,0.11047806061086182,-0.023718925267302238
100000,17.5,0.9526790054081363,0.16830605010172417,-0.05092588914508823
100000,18,0.8523902311702962,0.20545621802565273,-0.07715844024985082
100000,18.5,0.8724648660968377,0.21178339047011238,-0.08689694386879643
100000,19,0.8917915235474028,0.21657320481571968,-0.09061400195239147
100000,19.5,0.9087408746880621,0.22125737488849703,-0.09448643297967921
100000,20,0.9253100518387076,0.22584582412512214,-0.09897033138061455
100000,20.5,0.9416242701653608,0.2305173257127306,-0.10377467725140395
100000,21,0.9577450780856127,0.2353185951880288,-0.10872941043322702
100000,21.5,0.9738021283138724,0.24022144119536773,-0.11375842019379821
100000,22,0.9899044789727649,0.24517826335967227,-0.11882267397254595
100000,22.5,1.0061079118539515,0.25014414834337834,-0.12389667921711792
100000,23,1.0224199444560487,0.255083804351092,-0.1289608272272122
100000,23.5,1.0388150212648246,0.2599725568814775,-0.1339990205432527
100000,24,1.0552486648517412,0.26479491117375636,-0.1389978117182391
100000,24.5,1.0716678242183275,0.26954226906046796,-0.14394593101477457
100000,25,1.0880175898652271,0.2742106271989303,-0.148833917066242
200000,-20,-0.5353343174289227,0.21110198341021544,-0.007368005848879539
200000,-19.5,-0.5211392504894834,0.20471196072041917,-0.011313876608308961
200000,-19,-0.5080053783809018,0.19801395611388034,-0.01524773749539745
200000,-18.5,-0.4962951989926261,0.1910017782444191,-0.01913304756510678
200000,-18,-0.4864483607439788,0.18364576586365294,-0.02292377474875416
200000,-17.5,-0.47941669678872934,0.17567057671434755,-0.026674468893670027
200000,-17,-0.47861224534941293,0.16601742742070574,-0.030751958449639908
200000,-16.5,-0.49285397572378054,0.1525184455430405,-0.03560027918600186
200000,-16,-0.5279064928817221,0.13435208421839945,-0.04266352730452129
200000,-15.5,-0.6678564852951638,0.10021107322607777,-0.06152337373933916
200000,-15,-0.7579423722195711,0.07118599188243997,-0.07394013860327985
200000,-14.5,-0.7828531050775023,0.05923947382998172,-0.07992621375179577
200000,-14,-0.799333253774693,0.05084205617472901,-0.08470985897443319
200000,-13.5,-0.8016035307918071,0.044341684676735306,-0.08854184067171122
200000,-13,-0.7899132165524854,0.03927037685343227,-0.09174961484330528
200000,-12.5,-0.7677071215873275,0.03518113903707078,-0.09462261949869327
200000,-12,-0.7385506959215082,0.031808118657113554,-0.09712764965808472
200000,-11.5,-0.7056275254126786,0.029007351685513397,-0.09899538912903375
200000,-11,-0.6715228206559769,0.026691792604876557,-0.09990408988704212
200000,-10.5,-0.6377293839257367,0.02478947857379711,-0.09969264117086123
200000,-10,-0.6043164441644586,0.023222468286632533,-0.09849510554093956
200000,-9.5,-0.5703265107997697,0.021907193564076062,-0.09667879938416263
200000,-9,-0.5346651901574802,0.020769284577435935,-0.09464285051341553
200000,-8.5,-0.4966934150830664,0.01975609062705634,-0.09266732032808102
200000,-8,-0.4562479776821309,0.01883820198754223,-0.09089331137161674
200000,-7.5,-0.41342897311377547,0.018004898024647196,-0.089371129423586
200000,-7,-0.36846087602517386,0.017256805217682584,-0.0881047902905496
200000,-6.5,-0.321649985979188,0.016595037904613096,-0.08707313594064937
200000,-6,-0.27334612317832296,0.016013446552763887,-0.08623985241482149
200000,-5.5,-0.2238700232433142,0.0154991508027023,-0.0855648461419594
200000,-5,-0.1734532038241955,0.015038065974492825,-0.08501997392093211
200000,-4.5,-0.1222683824537929,0.0146184576187179,-0.08460423088550888
200000,-4,-0.07054765492076928,0.014228750169443218,-0.08434814835225045
200000,-3.5,-0.018664722037245715,0.013849292835187602,-0.08425981745340316
200000,-3,0.03286496243231189,0.013430296809621677,-0.08416183158288176
200000,-2.5,0.0836355346083086,0.012917575978070285,-0.08378509133840888
200000,-2,0.13407568966511854,0.012392935848587347,-0.08309929094500444
200000,-1.5,0.18523758703142051,0.012068804339858684,-0.08240697862497207
200000,-1,0.23762943475542536,0.011988717351587078,-0.08193609963794174
200000,-0.5,0.2910809046651056,0.012045815740081267,-0.08164991468087049
200000,0,0.34510175741727545,0.012159784793002686,-0.08144573195740615
200000,0.5,0.3991883393978036,0.012302184817657514,-0.08123500031367777
200000,1,0.45296023991669954,0.01246821484615541,-0.0809546641750316
200000,1.5,0.50615252642662,0.012658723622421153,-0.08056389705039195
200000,2,0.5585681398513088,0.01287568262698622,-0.0800360323599665
200000,2.5,0.6100373118824687,0.013123309084008527,-0.07935043465134171
200000,3,0.6603884140045624,0.013409516457219472,-0.07848632079011654
200000,3.5,0.7094203161814815,0.013745226905911559,-0.07741722935534566
200000,4,0.756862995793534,0.014142560475801516,-0.07610255830160835
200000,4.5,0.8023168499095512,0.014615417663673379,-0.07447440094526599
200000,5,0.8451779363796599,0.015183244825429475,-0.07242799710291302
200000,5.5,0.8845960877366178,0.015873739820160847,-0.0698411281146523
200000,6,0.9195877313159682,0.01672286405064654,-0.0666514714413279
200000,6.5,0.9495232800176737,0.017777386337463272,-0.06294945683798933
200000,7,0.9750431741096592,0.01907458246370485,-0.05895796209542402
200000,7.5,0.9984349414054785,0.020566506268754624,-0.054937517566446825
200000,8,1.022104508937711,0.022131634067622905,-0.05115366657224312
200000,8.5,1.0468634066968316,0.023714956246763876,-0.04777544072313321
200000,9,1.072277065712775,0.025352629275047465,-0.04480529354478613
200000,9.5,1.097646253247912,0.027102180817094736,-0.04217298181007563
200000,10,1.1224048847902062,0.02901129395634771,-0.03980698560917958
200000,10.5,1.1461325861985827,0.031117522384736595,-0.03765388534104167
200000,11,1.1684990973732843,0.03345273703034178,-0.03568252832494143
200000,11.5,1.1892376154659434,0.03604431712677741,-0.033886989458923364
200000,12,1.2081316025890703,0.03891489121032238,-0.03228196465362803
200000,12.5,1.224982533267334,0.04208980294661855,-0.03088144705077114
200000,13,1.2395919020801691,0.045608654753213934,-0.029681373851763868
200000,13.5,1.2518281876569073,0.04952121153267114,-0.028678442806441117
200000,14,1.2617286202315317,0.053867845431344166,-0.027905747444296268
200000,14.5,1.2695280939583466,0.05866647359485558,-0.027440151481733788
200000,15,1.2756147590542997,0.06391194582676248,-0.027377158887083683
200000,15.5,1.2804519648817534,0.06958009769641607,-0.02779808030406082
200000,16,1.284461126504075,0.07563832063150391,-0.02875201942574023
200000,16.5,1.2878688121189548,0.08207055382873117,-0.03026118469452519
200000,17,1.2905932162526432,0.08890801140096996,-0.032337320340835383
200000,17.5,1.2922832500230081,0.09622986735708634,-0.03498419627296855
200000,18,1.2925553357626574,0.10408553433197117,-0.03817257662434865
200000,18.5,1.2913054664134265,0.11231786582551097,-0.04180820497381496
200000,19,1.2888113826669125,0.12040391889572068,-0.04575099757559438
200000,19.5,1.285380570450827,0.12774093195641092,-0.04994499986130035
200000,20,1.2806895213076694,0.1346959890955485,-0.05460941335831567
200000,20.5,1.2735202253771658,0.1430364938241156,-0.06021848991981614
200000,21,1.2623084703351255,0.15405770034770702,-0.06715066279356385
200000,21.5,1.245823565323301,0.1673281055567779,-0.07557472431836262
200000,22,1.2246608104053125,0.18208554894124682,-0.08610841107974926
200000,22.5,1.19420190124779,0.19997811998830406,-0.10087272556338463
200000,23,1.146499807534238,0.22439273706887486,-0.11584106767206737
200000,23.5,1.1099711770461513,0.24782855707218285,-0.12682499007645073
200000,24,1.1012126550753036,0.26279239330206616,-0.13548171381677834
200000,24.5,1.1121756406817724,0.27021056125068926,-0.14243506855824173
200000,25,1.1292317972378472,0.27483919461854023,-0.1484726909172524
200000,-20,-0.5313413620087799,0.21022100508408442,-0.00792888418487202
200000,-19.5,-0.5167871641285642,0.20426785866537772,-0.011807613622337
200000,-19,-0.5030082251134675,0.1980455270315576,-0.01566310070068763
200000,-18.5,-0.49026763226758785,0.191511548033654,-0.01948305662293141
200000,-18,-0.47911759425608247,0.1845232577498572,-0.023296420260104936
200000,-17.5,-0.47160542119986637,0.1764726875047143,-0.027307773561111227
200000,-17,-0.4740004359256703,0.16561438221250585,-0.03199364336668051
200000,-16.5,-0.49376049506868275,0.14992935278230426,-0.037900585901048715
200000,-16,-0.5461209020186361,0.1273284352376021,-0.049102083626245886
200000,-15.5,-0.6863926069542224,0.09353817890653211,-0.06486274987971384
200000,-15,-0.7358871091059995,0.0728887699000256,-0.07286126332111299
200000,-14.5,-0.7583699007704554,0.0627498972399982,-0.07682503915857329
200000,-14,-0.7801244511265506,0.05528105216425035,-0.07926978129694788
200000,-13.5,-0.7955028797416119,0.04908878148900134,-0.08060162000089
200000,-13,-0.8016408759299146,0.04403683148587666,-0.08107762440440991
200000,-12.5,-0.798571751029822,0.0398217918853355,-0.08115575037173424
200000,-12,-0.7872718655027429,0.03618820657214084,-0.0811802971110523
200000,-11.5,-0.7688018643079735,0.03297452788380604,-0.08130752868265298
200000,-11,-0.7438721246932116,0.030091636852791634,-0.08160812410617677
200000,-10.5,-0.7126453047734181,0.027494827379179798,-0.08218805145720559
200000,-10,-0.6750049291055014,0.025163981512379648,-0.08318685118804042
200000,-9.5,-0.6311351176201723,0.023090531905758313,-0.08467169683596952
200000,-9,-0.5819072617095695,0.021271127741759308,-0.08654905732675039
200000,-8.5,-0.5288907177297144,0.019704516878700677,-0.08855427111661347
200000,-8,-0.47408486415906975,0.018384768687516668,-0.0903166441413544
200000,-7.5,-0.41937816587665866,0.017292488270656433,-0.09149992742371439
200000,-7,-0.36589579656490767,0.016391518841684476,-0.09196282310100716
200000,-6.5,-0.31374497107508875,0.01563256109506058,-0.09180988504174642
200000,-6,-0.2624049484302946,0.01496147024186273,-0.09129578833184451
200000,-5.5,-0.21140030721737138,0.014324280415081846,-0.09071240485025506
200000,-5,-0.1608813639525179,0.01365698820463318,-0.09030934936951883
200000,-4.5,-0.11178327889570033,0.012845546780418304,-0.0898127042877027
200000,-4,-0.06387143990770418,0.0119373174602027,-0.08860280101123653
200000,-3.5,-0.014526240959976802,0.011441437625688916,-0.08738283681576478
200000,-3,0.037429164312117374,0.011388690168756549,-0.08671430105460484
200000,-2.5,0.09113000674428351,0.011447333700152157,-0.08636512690686647
200000,-2,0.14547466015846217,0.01150320989665847,-0.08613783878112838
200000,-1.5,0.19996845825087653,0.011562471381500497,-0.08593828322961353
200000,-1,0.2544769563234456,0.01163780994313578,-0.08573647954691208
200000,-0.5,0.3089499862494799,0.011729779046168964,-0.08552672445238267
200000,0,0.3633475572686569,0.011833662222167906,-0.08530744513969246
200000,0.5,0.41763197366747823,0.011945641988923209,-0.08507509954338384
200000,1,0.4717539534154115,0.01206524394360575,-0.08482084386051744
200000,1.5,0.5256341687557571,0.012195448371928343,-0.08452767953066377
200000,2,0.5791537321529172,0.012341779394271906,-0.08416971631471527
200000,2.5,0.6321571094256497,0.012511086284288327,-0.08371422588618078
200000,3,0.6844613754691463,0.012710255717940145,-0.08312499871010802
200000,3.5,0.7358607753438002,0.012944814059417569,-0.08236392208014721
200000,4,0.7861169381216628,0.013217510654047996,-0.08138844932558219
200000,4.5,0.8349341208273697,0.01352757421634658,-0.08014648568599182
200000,5,0.8819344397527852,0.01387198109823047,-0.07857403291382872
200000,5.5,0.926660268948178,0.014250669845711893,-0.07659949949750103
200000,6,0.9686120518955119,0.014676551434483142,-0.07415231521558807
200000,6.5,1.0072606574959775,0.015181654459451042,-0.07116835540954414
200000,7,1.0419105066655856,0.01581019167348014,-0.06757658995862537
200000,7.5,1.0714406880960816,0.016619288685802678,-0.06327052960636498
200000,8,1.0944206854932272,0.017700661129894366,-0.05820742228550044
200000,8.5,1.110284649748324,0.019196245687586898,-0.052718406664011695
200000,9,1.1213846707703103,0.021201328425080344,-0.047455138840294134
200000,9.5,1.1326097821495922,0.023559941825287926,-0.04293510881045668
200000,10,1.147014942378109,0.026019799510805547,-0.03937564046034173
200000,10.5,1.1641219368668998,0.028531081894491658,-0.03668009896765306
200000,11,1.1821424127839808,0.031189926322854722,-0.034578416904631794
200000,11.5,1.199574180061783,0.034100985855275844,-0.032849773191776045
200000,12,1.2155021000423085,0.037340940492492085,-0.031380672132498934
200000,12.5,1.2294822382121748,0.04096044417408623,-0.030133570878156858
200000,13,1.241372315564171,0.04498364892130696,-0.029105399492607455
200000,13.5,1.2511926607548303,0.049407919179845224,-0.028305339479214344
200000,14,1.2590560533025803,0.05421200005755143,-0.027756925172038337
200000,14.5,1.2651659942570836,0.05936882116388703,-0.02750621349528548
200000,15,1.2698366670787404,0.0648524268947858,-0.027615455004753906
200000,15.5,1.2734764059282941,0.07063707621738982,-0.028142591322459366
200000,16,1.276510399448883,0.0766979888991706,-0.02912350543741533
200000,16.5,1.279274832676559,0.08302077456046676,-0.030568121035727838
200000,17,1.281949812453418,0.08961163406463518,-0.032464729013628575
200000,17.5,1.2845790359538334,0.0964892449299321,-0.034780483630895684
200000,18,1.2871610472542656,0.10364274916320479,-0.037455013169304
200000,18.5,1.2897358231378253,0.11095902006224298,-0.04039759671405649
200000,19,1.292380172290877,0.11816128161298127,-0.0435041277683228
200000,19.5,1.2950822790513985,0.12486166421568418,-0.046703621080068175
200000,20,1.2975420533365778,0.13084485417325525,-0.050029409866096816
200000,20.5,1.2989721368122578,0.13652997568738118,-0.053694041133343355
200000,21,1.2979614558760086,0.1432253687029559,-0.0581276058303446
200000,21.5,1.2924547439327412,0.1525581325173988,-0.06390868737408266
200000,22,1.2794243251226485,0.16518726972962328,-0.07160460547963288
200000,22.5,1.2497568445635687,0.18225345436177545,-0.08215663860428352
200000,23,1.1778981938129431,0.2112862473333686,-0.09934245788374939
200000,23.5,1.1104440333724759,0.24322199523741347,-0.11970142223050875
200000,24,1.0895228910733679,0.26249775054606506,-0.13147565595513552
200000,24.5,1.09458622055126,0.27183630065140174,-0.1391913884096577
200000,25,1.1119382125021517,0.2758828710965877,-0.14573863952745977
200000,-20,-0.5168979325484917,0.21455504029089,-0.009106530768673092
200000,-19.5,-0.5018419101442366,0.20943623156025531,-0.012777552061430723
200000,-19,-0.4870234699738371,0.20412136818824114,-0.016388536404871732
200000,-18.5,-0.4724932261947895,0.19859939244831498,-0.019927898524867725
200000,-18,-0.4583046874152431,0.19287058720433678,-0.023375496462003542
200000,-17.5,-0.44452504134641124,0.18695293404313587,-0.026697694389990104
200000,-17,-0.431261604043403,0.18088773977608813,-0.02984050868755076
200000,-16.5,-0.41870112063034653,0.1747410907425454,-0.03272179130174619
200000,-16,-0.4071104193375485,0.16859625417050852,-0.03523011397159085
200000,-15.5,-0.3966173338031771,0.16252894939239407,-0.037271014293083535
200000,-15,-0.3865997857111835,0.1565182072885113,-0.03902889877860345
200000,-14.5,-0.3770087044470926,0.1498747088893265,-0.04182171899811392
200000,-14,-0.3859240262755817,0.1381052720608937,-0.0489599780917712
200000,-13.5,-0.4737109296934303,0.11117782404369868,-0.06217010104409945
200000,-13,-0.6198351119449494,0.07843243994122343,-0.07528889486877
200000,-12.5,-0.7157329928250109,0.0590516135759924,-0.0808398628958255
200000,-12,-0.7715370599474836,0.05027793719047347,-0.07867845170064895
200000,-11.5,-0.8157951154915674,0.04541772705282929,-0.0720508183672238
200000,-11,-0.844380174643361,0.0416717848067228,-0.06463477699860955
200000,-10.5,-0.8483271327915274,0.03821844474997875,-0.05921426489119807
200000,-10,-0.8262919501701063,0.03487667255386009,-0.056992814276209953
200000,-9.5,-0.7820555754844352,0.031660154983953234,-0.05804684549510705
200000,-9,-0.7214923944376259,0.028650950450086247,-0.0617373844869293
200000,-8.5,-0.6512522834113402,0.02593222329451403,-0.06700649550911265
200000,-8,-0.5774346997276176,0.023546459105888165,-0.07274348130401594
200000,-7.5,-0.5044202774072923,0.02148574448602481,-0.07809260984240685
200000,-7,-0.43457931718628934,0.01970623433987554,-0.08256113722212857
200000,-6.5,-0.3687434404220179,0.01814802568362048,-0.08597619722351853
200000,-6,-0.3067355170754767,0.01675068681956523,-0.08844818416437092
200000,-5.5,-0.24814567087487693,0.015436374111745374,-0.090327164707335
200000,-5,-0.19392446502769228,0.014052039256163865,-0.09133601008293817
200000,-4.5,-0.1407515998944487,0.01301459057021528,-0.09059276434833657
200000,-4,-0.08409478632015938,0.013021438102327454,-0.0898615485842268
200000,-3.5,-0.024895142366102074,0.013346528240828201,-0.08955913499743301
200000,-3,0.03401083203994616,0.013592060238361712,-0.0893691645332695
200000,-2.5,0.09144001701165452,0.01379221872364483,-0.08904416140260392
200000,-2,0.1479020741986116,0.013986682193970304,-0.08856118705674065
200000,-1.5,0.20401585901252628,0.014155821377388885,-0.08799935822870138
200000,-1,0.2597911260628376,0.014271740901496499,-0.08739418994922402
200000,-0.5,0.314996091557744,0.01432904100048643,-0.08674930140710099
200000,0,0.3695578863474279,0.014340255030609608,-0.08608299226741065
200000,0.5,0.42358099275608263,0.01432396617354763,-0.08542664208255893
200000,1,0.4772147229613186,0.014298177301037555,-0.08480296657779733
200000,1.5,0.5305540396325125,0.014277741647231692,-0.08421328325717385
200000,2,0.5835948807011645,0.014273140233842813,-0.08363542964493861
200000,2.5,0.6362124240781996,0.01428960724796195,-0.08302367996742044
200000,3,0.6881487961007346,0.014326621710339625,-0.08230639344147912
200000,3.5,0.7390452492168376,0.014377967715255215,-0.08139009353431176
200000,4,0.7885954366499617,0.014432774569368433,-0.08019247837145592
200000,4.5,0.8368221840192365,0.014479712466798522,-0.07871122518948064
200000,5,0.8842329360402769,0.014516819335466868,-0.07706731997629451
200000,5.5,0.9315617734412179,0.014558060603301757,-0.07544217643980516
200000,6,0.9792017568923661,0.014624973829860123,-0.07393721322833703
200000,6.5,1.0266902191513136,0.014736359816362772,-0.07246406796284531
200000,7,1.0725167581258865,0.014910280145992359,-0.07073756016298748
200000,7.5,1.1144380966519405,0.015180410524144655,-0.06838128720617465
200000,8,1.150269814881977,0.015620717195809757,-0.0651044972210663
200000,8.5,1.1783809439905732,0.016347775058928773,-0.06079857411082915
200000,9,1.197239662394097,0.01752189129803607,-0.05551128812395576
200000,9.5,1.2056112206805771,0.019358990865713587,-0.04962435111826709
200000,10,1.2050453411316222,0.02212479251642238,-0.043939849243750634
200000,10.5,1.2016021049110244,0.0258537527015211,-0.03918155338968597
200000,11,1.2019190170692635,0.030016502712439237,-0.03572316115800664
200000,11.5,1.2081193207342305,0.03409972963417238,-0.03337211568767827
200000,12,1.2190662631593723,0.03798091372980562,-0.031575032170821256
200000,12.5,1.2333222642566821,0.04168619387175561,-0.02990799636426164
200000,13,1.2499150851667187,0.045241340893483535,-0.02817888847859955
200000,13.5,1.2681226147461822,0.04866657092153148,-0.02635456549985411
200000,14,1.2873414571145607,0.05198758315121899,-0.024486032420434695
200000,14.5,1.3070765629821353,0.0552363717845332,-0.02265690804047733
200000,15,1.3268745135273496,0.058456630101063056,-0.020954215867295248
200000,15.5,1.346143400586912,0.061723677577712625,-0.019455995123281875
200000,16,1.3638988975410633,0.06517658026472181,-0.018228413943134833
200000,16.5,1.3785117782049512,0.06905177362715785,-0.01732838756771248
200000,17,1.3876076640966346,0.07370024569230428,-0.01682104414111859
200000,17.5,1.388434798789528,0.07955852825982243,-0.016840285560144913
200000,18,1.3789771507414785,0.08701613954298093,-0.01770636578377497
200000,18.5,1.359336992840223,0.09611674804894937,-0.020017820055231297
200000,19,1.3317477917967335,0.10661039711892954,-0.0245798542002539
200000,19.5,1.2954464709035598,0.12061502239207603,-0.03238313991342087
200000,20,1.2263002655624933,0.14499061508049751,-0.04490865978412576
200000,20.5,1.075082855229584,0.19000991787741983,-0.0656706504754194
200000,21,0.9561507322758389,0.23408487105766673,-0.09197610972377347
200000,21.5,0.9550530355232624,0.24572603270992732,-0.10911458071896486
200000,22,0.9789210581162651,0.24807066853795245,-0.11590501544581432
200000,22.5,1.0005294291002507,0.2505502491464745,-0.12006566084698297
200000,23,1.0200114773393945,0.25377607131366164,-0.12454186617959268
200000,23.5,1.0382094218568094,0.2575875143643295,-0.12949539670004628
200000,24,1.0555378673507128,0.2617875279663499,-0.13468917699400124
200000,24.5,1.0722762533016856,0.2662091836146136,-0.1399613260603426
200000,25,1.0886162118100569,0.27073119833994935,-0.14522737085186976
300000,-20,-0.5403856911237089,0.20805361152954832,-0.009055604273492899
300000,-19.5,-0.5286950812439519,0.2010259700319523,-0.013082507686838763
300000,-19,-0.5187990840480214,0.1936121798249986,-0.017073962636779703
300000,-18.5,-0.5117749732022285,0.18538413825128972,-0.02117767679599282
300000,-18,-0.5117874295198985,0.17495184793345095,-0.025925255857137824
300000,-17.5,-0.5291134756834431,0.1599580877966274,-0.03199333895553391
300000,-17,-0.5694505371704998,0.14051757179335111,-0.03930348521512511
300000,-16.5,-0.6688785804646293,0.11345577321536562,-0.05555344744180923
300000,-16,-0.7986639443794392,0.08069049460609727,-0.07138089336723309
300000,-15.5,-0.8302398305648305,0.06416104698409239,-0.07872795018299211
300000,-15,-0.8523208088915946,0.0545832686074407,-0.08394895042061258
300000,-14.5,-0.8627403512661445,0.04701619357982827,-0.08849291486368628
300000,-14,-0.8570674613378348,0.04118500417310753,-0.09232160437767815
300000,-13.5,-0.8377762200164911,0.036575800897278264,-0.09580607043125167
300000,-13,-0.809152021313039,0.03280823897657557,-0.09909136035093369
300000,-12.5,-0.7754091630686901,0.029675516511495758,-0.10193500675558154
300000,-12,-0.740404778135723,0.027070402881396397,-0.10384223327091202
300000,-11.5,-0.7069697002093501,0.024920111999192564,-0.10436875219355365
300000,-11,-0.6758719309430856,0.0231508681144951,-0.10345302926492168
300000,-10.5,-0.6456955411025271,0.021682625744716414,-0.10150121140024941
300000,-10,-0.6141714859166787,0.02044139434264133,-0.09912263431477299
300000,-9.5,-0.5797271596726212,0.019369190495279902,-0.0967922323070896
300000,-9,-0.5419875030090587,0.018423849157408516,-0.0947268028444954
300000,-8.5,-0.5013534450770669,0.017574097284335975,-0.09296096585042826
300000,-8,-0.4584187952632476,0.01679693249974876,-0.09146289889880176
300000,-7.5,-0.4136412732899819,0.016081546410466677,-0.09020012900859022
300000,-7,-0.367277795777859,0.015430578189259159,-0.0891529709742643
300000,-6.5,-0.31947738288029087,0.014850471654200621,-0.08830286002680945
300000,-6,-0.27040084932285324,0.014340695955352799,-0.08762206811893951
300000,-5.5,-0.22025224937288754,0.01389134334224407,-0.08707463695706932
300000,-5,-0.16922516380525415,0.01348799309336372,-0.08662506515086828
300000,-4.5,-0.11746350473274345,0.013118108759295463,-0.08625111344191166
300000,-4,-0.06510944435121685,0.012773836271872764,-0.08595624218564864
300000,-3.5,-0.012375489489633656,0.012451132769831062,-0.08577759348551364
300000,-3,0.04046159110061252,0.0121435336993587,-0.08574391425527983
300000,-2.5,0.09305617554942122,0.011817439679987248,-0.08571377579215583
300000,-2,0.14505704231345595,0.0114205956578982,-0.08544240684918455
300000,-1.5,0.19662808598635031,0.010991595812726756,-0.08486750364655223
300000,-1,0.2485340816434429,0.010705754398074582,-0.08422767651651414
300000,-0.5,0.30126000913046524,0.010637926203067515,-0.08375829790669635
300000,0,0.354727639685771,0.010708222298007953,-0.08343316192741634
300000,0.5,0.40856167369976126,0.010840471712341615,-0.08315535561431531
300000,1,0.4623329983653476,0.011003155100379235,-0.0828471835422481
300000,1.5,0.5156908396644868,0.011190713367013418,-0.08245507806000121
300000,2,0.5683733290158637,0.011407784666150937,-0.08194364855776898
300000,2.5,0.6201689340738816,0.01166231698401204,-0.08128746221276563
300000,3,0.6708666012620002,0.011962890537527858,-0.08045943368580347
300000,3.5,0.720196457140556,0.012318943824602925,-0.07941479320363369
300000,4,0.7677579166086219,0.01274338494709487,-0.07807509863532079
300000,4.5,0.8129470870059089,0.013254076713465271,-0.07632894562975397
300000,5,0.8549304891770428,0.01387136490260766,-0.07407510948520295
300000,5.5,0.8927934535842739,0.014620230911580406,-0.07129802606612785
300000,6,0.9260917313703341,0.015542040965569276,-0.06807929158012732
300000,6.5,0.9557519689477514,0.01665712013839856,-0.06453725299280164
300000,7,0.9840333613097749,0.017884850277082517,-0.06086554297792354
300000,7.5,1.0126626058931603,0.019120024204268293,-0.057321034266992206
300000,8,1.0418595113209728,0.02035390564141797,-0.05402570853572847
300000,8.5,1.0711084286977708,0.021635795749920743,-0.050978403335416325
300000,9,1.0998813039822817,0.023012491449400308,-0.04815160764442302
300000,9.5,1.1278212524334648,0.024519809717971346,-0.045522820897515845
300000,10,1.1547039321870465,0.026188189949932498,-0.04307616215464523
300000,10.5,1.1803652435144194,0.028044185296089374,-0.04079678277915078
300000,11,1.2046527021310678,0.030113476818691608,-0.03867094862184762
300000,11.5,1.227409317118559,0.03242478706699282,-0.03669561126534116
300000,12,1.2484726037367893,0.03501018354351966,-0.03488664642129246
300000,12.5,1.2676791949681214,0.03790049567042504,-0.03327624156940243
300000,13,1.2848677805762079,0.04111814159207741,-0.03189954313776472
300000,13.5,1.2998596787503391,0.04467907226579536,-0.030772286267211606
300000,14,1.312448460131547,0.04860832006910366,-0.029880188136037895
300000,14.5,1.3224917751489442,0.05294620236769396,-0.02921242034170433
300000,15,1.3300661972182988,0.057731877574438505,-0.028809868862069838
300000,15.5,1.335533087754861,0.06298260354136465,-0.028763966003367752
300000,16,1.3394699331094517,0.06868234456217906,-0.029168819987468734
300000,16.5,1.3425022163822933,0.07478520726253515,-0.030080469537370754
300000,17,1.3450791332255354,0.08124205383556504,-0.03151596109627652
300000,17.5,1.3472846412071808,0.08804165516832563,-0.033478967586215956
300000,18,1.3488117469662382,0.09522616284423881,-0.035975491722541546
300000,18.5,1.3491661173816207,0.10282665372246859,-0.03899672127302119
300000,19,1.3480043485777475,0.11069985459330603,-0.04248502579027662
300000,19.5,1.3453201852175793,0.11841191803169308,-0.04634552162097991
300000,20,1.3411941979061495,0.12559252599736048,-0.05056091804190516
300000,20.5,1.3353166866610122,0.13274232485505869,-0.055306714535987275
300000,21,1.3269722235564712,0.14108145880255452,-0.06083478721355517
300000,21.5,1.3154013649601357,0.15128293244878147,-0.06727741983339496
300000,22,1.299922967513113,0.16322463099624915,-0.07472592574887316
300000,22.5,1.2808721160033727,0.17655963194188184,-0.08341688086231265
300000,23,1.262881787420168,0.1903161803523606,-0.09404556484797495
300000,23.5,1.2458622100464625,0.20471443665140607,-0.1078661493398049
300000,24,1.210158693686402,0.22537494015700332,-0.12194823676921475
300000,24.5,1.1698329518209625,0.24945899424365642,-0.13316098584814923
300000,25,1.1471700888799023,0.26934738369764105,-0.14283696459434264
300000,-20,-0.5321237130343961,0.20807477390475346,-0.009076270170100126
300000,-19.5,-0.5185080028589744,0.20175469223863984,-0.012948502176338986
300000,-19,-0.5075391848844971,0.19444801434493847,-0.017060478173637678
300000,-18.5,-0.5042097727760976,0.18463939367096174,-0.021965916752591533
300000,-18,-0.5178126353468724,0.1701485365280831,-0.02839569083343662
300000,-17.5,-0.5531047578619706,0.1509845395147527,-0.03628886184484649
300000,-17,-0.6027536123038775,0.1300822500096923,-0.046315578138650906
300000,-16.5,-0.7054426752698553,0.10347600646717912,-0.060382212491117755
300000,-16,-0.7688685903012094,0.08294900629787488,-0.06868093977455211
300000,-15.5,-0.7937699002164611,0.06954337769011325,-0.07354397184124338
300000,-15,-0.8191034984051464,0.06059650022666703,-0.07650809468561276
300000,-14.5,-0.8425175177885695,0.05291176747820265,-0.07889681320258433
300000,-14,-0.8572761114954766,0.046520912436677955,-0.08065487989848562
300000,-13.5,-0.8604894226685211,0.04131477909864381,-0.08187316389378486
300000,-13,-0.8527365810449901,0.03699686616626565,-0.08285987782922918
300000,-12.5,-0.836107210127826,0.0333217243496421,-0.08381967101495137
300000,-12,-0.8126972376857469,0.030139589018084445,-0.08476258378559169
300000,-11.5,-0.7837919911627963,0.027360222848160608,-0.0856618803168983
300000,-11,-0.7495702008244307,0.024923252782383706,-0.08661952087517931
300000,-10.5,-0.7095280059399299,0.022786338607911173,-0.08785133775355969
300000,-10,-0.6634883010760786,0.02091845379950901,-0.08950536287363894
300000,-9.5,-0.6124503470444919,0.019296561522051045,-0.09148131850525627
300000,-9,-0.5586384039872994,0.01790568676067576,-0.09340337168219578
300000,-8.5,-0.504670707762455,0.016734172929181765,-0.09479045092761809
300000,-8,-0.4523248589266534,0.01576162500400301,-0.09533815899201879
300000,-7.5,-0.40186589266899597,0.014954053304337774,-0.09508939535520433
300000,-7,-0.35249744197505706,0.014271584614606262,-0.09433905137753555
300000,-6.5,-0.3032805450147004,0.013676011021465978,-0.09340680078230724
300000,-6,-0.25364099438336773,0.013133834054571435,-0.09250272572106225
300000,-5.5,-0.203418941759473,0.012615883360650315,-0.09173090267058567
300000,-5,-0.15281828243203652,0.01209464288550491,-0.09117591019333436
300000,-4.5,-0.10242843378238115,0.01152757152647386,-0.09088459243029445
300000,-4,-0.05315108930971109,0.010812784156294362,-0.09038958725178138
300000,-3.5,-0.004409174534320021,0.010051920024705495,-0.08928383156050222
300000,-3,0.04606168442316985,0.009676686159973167,-0.08841169461476679
300000,-2.5,0.09894150798159616,0.009635867527328725,-0.08804776594945547
300000,-2,0.1533490298017151,0.009684925045613085,-0.08791803300827093
300000,-1.5,0.20838329603461922,0.00974795327037175,-0.08786160835492017
300000,-1,0.26362872667261145,0.009822810049094908,-0.08781313096859977
300000,-0.5,0.3189199195463379,0.009912257655788676,-0.08775075816816981
300000,0,0.37414499541782054,0.010014930082224201,-0.08766346278680708
300000,0.5,0.4291855765330963,0.010128998891862735,-0.08753748403213459
300000,1,0.4839099363160113,0.010254919027476014,-0.08735394913941064
300000,1.5,0.5381778259470195,0.010396076496201485,-0.08709036118027198
300000,2,0.5918482203427844,0.010557951281656087,-0.08672316330427865
300000,2.5,0.6447847026193174,0.010746464760914431,-0.08622947257785482
300000,3,0.6968501176181123,0.010966094004074093,-0.08558592927604607
300000,3.5,0.7478867132418442,0.011218405906290902,-0.0847647692699019
300000,4,0.7976905383839168,0.011501988129294462,-0.08373052625081162
300000,4.5,0.8459990314093047,0.011815459162747247,-0.08244087780031847
300000,5,0.8925000424345825,0.012165265369756565,-0.08084979560474614
300000,5.5,0.9368266273374031,0.012573957865896252,-0.07890405800232203
300000,6,0.9784499384760585,0.013077552151050269,-0.07651995999007598
300000,6.5,1.0164341119955298,0.013717224281414248,-0.07353416865502081
300000,7,1.0493045320498737,0.014541009599755473,-0.06971008380201327
300000,7.5,1.0755406860616308,0.015616077337588219,-0.0650035226350135
300000,8,1.0952134833626659,0.017032481930987685,-0.05981816463453832
300000,8.5,1.1117470714543651,0.01875668670882497,-0.05471076607196372
300000,9,1.1295471699664736,0.020556767617513103,-0.050119290826565834
300000,9.5,1.1499041991467498,0.02231326192902016,-0.0462395468859268
300000,10,1.1717111836030807,0.024107695626450612,-0.04298336638063334
300000,10.5,1.1936572318864238,0.026054401175529228,-0.04019960614714769
300000,11,1.214889263969674,0.028230889768792115,-0.03778513285665312
300000,11.5,1.2349162540400882,0.030689592902104972,-0.0356838648895103
300000,12,1.253457747360108,0.03347387995681223,-0.03387443537180292
300000,12.5,1.270352605257316,0.036621271022914494,-0.032352658613363984
300000,13,1.285495951087609,0.0401570134046358,-0.031111698344832912
300000,13.5,1.2987922435984767,0.04408784888774806,-0.030133211734919802
300000,14,1.3101437495915422,0.04840488440997896,-0.029398415709577123
300000,14.5,1.3194879849748524,0.05309472387263878,-0.028909619506016906
300000,15,1.3268631022595816,0.05814871276482493,-0.028701049321110665
300000,15.5,1.3324558946325846,0.06356211464195272,-0.028828670715822728
300000,16,1.3365900419870231,0.06932677608330332,-0.029349338208088507
300000,16.5,1.3396395139131156,0.07542976087729918,-0.030307239050318728
300000,17,1.341897847512803,0.0818660785163851,-0.031734374288978635
300000,17.5,1.343477776786981,0.08865735049627846,-0.03365541416392203
300000,18,1.344322194607002,0.09585161439765415,-0.03608195200802144
300000,18.5,1.3443513028171192,0.10347508369734142,-0.03899135323892163
300000,19,1.3436618199835877,0.11142679458645635,-0.04230510345339709
300000,19.5,1.3426021644621189,0.11937811398980672,-0.045898873856356694
300000,20,1.3415910182128297,0.1268669028475671,-0.0496693412247931
300000,20.5,1.340775278300974,0.13373002475179332,-0.0536259188639543
300000,21,1.3398456982970002,0.14046585108841436,-0.05790626944605816
300000,21.5,1.338168689654684,0.14789181719253908,-0.06267947572157795
300000,22,1.3349554828119257,0.1565003979844579,-0.068071398821548
300000,22.5,1.3292165031118106,0.1663418293300337,-0.07420658776331374
300000,23,1.3196627368537908,0.17737334572463867,-0.08128384169245038
300000,23.5,1.3048345795562255,0.1898082840342411,-0.08961798080074496
300000,24,1.2828679164563495,0.20437823909278413,-0.09997062217774119
300000,24.5,1.248823666458865,0.22313582753333278,-0.11420824941352921
300000,25,1.205129447418069,0.24646135820347015,-0.13013858332238565
300000,-20,-0.5156481843631889,0.21306450933902207,-0.00940157236934503
300000,-19.5,-0.5003072537697313,0.207820633127783,-0.01306688772745321
300000,-19,-0.48495529590640274,0.2024359208537638,-0.01664620387661775
300000,-18.5,-0.4696101995100316,0.19691432222170008,-0.0201002121161619
300000,-18,-0.454401521060124,0.19126191458072128,-0.023352540519266253
300000,-17.5,-0.4397188740414808,0.18546534238542797,-0.026257312147095223
300000,-17,-0.42624939982760357,0.17941910248671153,-0.02867677319754223
300000,-16.5,-0.41476584132619576,0.1726736011973343,-0.031360094908574776
300000,-16,-0.41545085796095566,0.162159262882594,-0.03821141637154073
300000,-15.5,-0.48647340718979337,0.13668223352448136,-0.052821359270511625
300000,-15,-0.6245377901229804,0.10116882653186436,-0.06808239991189272
300000,-14.5,-0.711626037550413,0.07479301001120325,-0.07809266342949611
300000,-14,-0.75784199707536,0.059705259781607,-0.0835357532269778
300000,-13.5,-0.79388427315883,0.051340775349453485,-0.08506915724453251
300000,-13,-0.8249220671910362,0.0456219232400609,-0.08349693991263393
300000,-12.5,-0.8478512593518819,0.041261146617745326,-0.07982071072219796
300000,-12,-0.8581774411760854,0.03775591588726221,-0.07542657880295851
300000,-11.5,-0.8527590749015399,0.03472571651827298,-0.07178279459698605
300000,-11,-0.8306987492112379,0.03192132374835324,-0.0699295712935427
300000,-10.5,-0.7933210934221454,0.02922531026960039,-0.07024573446150771
300000,-10,-0.7438524004755172,0.026620403222073607,-0.0724773475783666
300000,-9.5,-0.6864108395356486,0.024146195705753836,-0.07599124644082755
300000,-9,-0.6246255081967866,0.02185883443080408,-0.08011332467751095
300000,-8.5,-0.5608593756186568,0.019805697111268835,-0.08433941469550701
300000,-8,-0.49648561832470417,0.018013726665882964,-0.08832816153794322
300000,-7.5,-0.4326924967128808,0.016487755115729516,-0.09177612085551454
300000,-7,-0.3708544105764841,0.015210763213827258,-0.09436974731921578
300000,-6.5,-0.3120004414334274,0.01413866434978023,-0.09591873730321121
300000,-6,-0.255976777640495,0.013212003099214642,-0.09654243712219086
300000,-5.5,-0.2016383814316135,0.012376302829125784,-0.0967333955281673
300000,-5,-0.14986475708842384,0.011450942479005292,-0.09664646027554437
300000,-4.5,-0.10084647443062926,0.010418599566383179,-0.09528294824034145
300000,-4,-0.04981881732204706,0.0100464836808065,-0.09393382943699143
300000,-3.5,0.004459613689681938,0.01017322887987901,-0.09328907779004268
300000,-3,0.05985274930164916,0.010323146159105597,-0.09294201482134379
300000,-2.5,0.11481144549066288,0.01043748332243444,-0.09264709861868195
300000,-2,0.16926339274523386,0.010554680465818408,-0.09229729509071218
300000,-1.5,0.22359347201017601,0.01068605217838849,-0.09189089813279308
300000,-1,0.2780231292388694,0.010820843185440687,-0.09145958258232403
300000,-0.5,0.3325461587368212,0.010944847838335069,-0.09103111258326317
300000,0,0.38707431736323805,0.011050511116521694,-0.09062554410196638
300000,0.5,0.4415474321463852,0.011138248071071761,-0.09025550490506928
300000,1,0.4959538812959977,0.011213889588140912,-0.08992385337768613
300000,1.5,0.5503005952420452,0.011285507881231721,-0.08962252006777624
300000,2,0.6045700383138372,0.011361004794456106,-0.08933253439674016
300000,2.5,0.6586816965295266,0.011446867266576325,-0.08902281999635644
300000,3,0.7124638494558553,0.011547875418220766,-0.0886471617729385
300000,3.5,0.7656384127250389,0.011667295111782872,-0.08814128699317232
300000,4,0.8178215367906836,0.011807076232756432,-0.08742172065199746
300000,4.5,0.8685399811712537,0.01196744761087907,-0.08638556935326684
300000,5,0.9172669556960237,0.012145487593692033,-0.08491363925600214
300000,5.5,0.9634867296950826,0.012334079338265826,-0.08289137244073383
300000,6,1.0067590337907986,0.012526370425952114,-0.08025317457701739
300000,6.5,1.0467531011336126,0.012731883492566912,-0.07701884082670013
300000,7,1.0833673276950593,0.012998154693213956,-0.07330283186342805
300000,7.5,1.1167674777979364,0.013404652155831906,-0.06926687792281071
300000,8,1.1466705179000563,0.014029915588782449,-0.06494875128275435
300000,8.5,1.1713180653439799,0.01496599446566556,-0.06014887471619346
300000,9,1.1882811334638312,0.016359601423908642,-0.05482371238212987
300000,9.5,1.1974879467125878,0.018441510207267246,-0.04947419791781072
300000,10,1.2031976700358662,0.021307499307199464,-0.0447272371514827
300000,10.5,1.2108325776306588,0.02458651409713926,-0.04103133194565794
300000,11,1.221721660813199,0.02791407446219709,-0.038355730218223194
300000,11.5,1.234139736095667,0.03127316738981383,-0.036289324598571114
300000,12,1.246445308642543,0.034777283655285846,-0.03452339145232768
300000,12.5,1.257970493415881,0.038507711015785144,-0.03292425354200805
300000,13,1.2686928071025292,0.04248380363590199,-0.03144229253319766
300000,13.5,1.2788518597353207,0.04667313617572624,-0.030055758662521605
300000,14,1.2887677738851813,0.051011772102262945,-0.028760281255796376
300000,14.5,1.2987943614152333,0.05542450553826205,-0.02757187883555505
300000,15,1.3092959264607689,0.05983779264086193,-0.02652094248120905
300000,15.5,1.3205817328430514,0.06418799463515705,-0.025640200763845652
300000,16,1.3327993517600611,0.06843238866891645,-0.024958639222352256
300000,16.5,1.3458246063526293,0.072565312870997,-0.024504552217946927
300000,17,1.35918688530735,0.07663547739988835,-0.024312436703811176
300000,17.5,1.372060454342641,0.0807583169975484,-0.02442862244360291
300000,18,1.383340079390508,0.08511808325631617,-0.024915140977383274
300000,18.5,1.391785276536759,0.08995564936243204,-0.02585515596571156
300000,19,1.3961745957899274,0.09553505719024671,-0.02736389165437467
300000,19.5,1.3954288231934282,0.10206854185008189,-0.029603115820873157
300000,20,1.3887674867691584,0.10958751081321925,-0.03278524464442061
300000,20.5,1.3759562495538993,0.1179606958186386,-0.03716646730408199
300000,21,1.3573647446094215,0.12769790547833576,-0.04308128713642172
300000,21.5,1.333672342400929,0.14064972591970867,-0.05085956015911008
300000,22,1.304964013741071,0.15739105088082084,-0.060406942479804424
300000,22.5,1.263133082454372,0.17778535020990843,-0.07185564977858584
300000,23,1.1754059326467494,0.21009497206402566,-0.08789406897089666
300000,23.5,1.060443161913,0.25435823733320956,-0.11080443106334001
300000,24,1.032423900887016,0.274056009213898,-0.1305883744943013
300000,24.5,1.0548535939743156,0.2758249718099447,-0.1400161886752855
300000,25,1.0791593919836393,0.2766187515412686,-0.14470496592561222
500000,-20,-0.5644523087650293,0.20015618775115035,-0.011368010376004366
500000,-19.5,-0.561737929898983,0.1902892797027681,-0.01632254956223181
500000,-19,-0.5733491026173353,0.17597568272141972,-0.022937017425625005
500000,-18.5,-0.6077149183125943,0.15642728453889623,-0.03146238873861526
500000,-18,-0.6579614683215063,0.13565541642349044,-0.04042802775442898
500000,-17.5,-0.7444524576069882,0.11261822278242187,-0.0557172001457097
500000,-17,-0.8652289902590748,0.08507442463055923,-0.07091521009629743
500000,-16.5,-0.9012724253721613,0.06615819304558399,-0.07949523585709757
500000,-16,-0.9233448145249709,0.05585463816497401,-0.0851120796560797
500000,-15.5,-0.936329153786459,0.047827741456481214,-0.0901312614627594
500000,-15,-0.9337832076093453,0.04159894782899275,-0.09442654657783756
500000,-14.5,-0.9161565736326334,0.036741507535757986,-0.09825912561590956
500000,-14,-0.8876730529080321,0.032821619641387516,-0.10188628507470274
500000,-13.5,-0.8532182530213916,0.029576715074850272,-0.10515236839698609
500000,-13,-0.8174244756174383,0.026872993330495108,-0.10753374600585819
500000,-12.5,-0.7839450844939375,0.024629174006469922,-0.10845579205933868
500000,-12,-0.7542084681566326,0.02276674922624237,-0.10770922260792334
500000,-11.5,-0.7269235598902934,0.02120278322353004,-0.10563560587747066
500000,-11,-0.6992608940433065,0.01986780281465281,-0.10290817199680585
500000,-10.5,-0.6687027731703477,0.018715877321695273,-0.10015307866201933
500000,-10,-0.634095997063059,0.01771766164196377,-0.09772797814389757
500000,-9.5,-0.5955721736054265,0.016849504570205384,-0.09572279087108783
500000,-9,-0.5539057907737831,0.01608851702890485,-0.09407673474036415
500000,-8.5,-0.5099430180019091,0.015410979399347319,-0.09269578727231603
500000,-8,-0.4643497714287004,0.014792101335460191,-0.09151203712480109
500000,-7.5,-0.41756745921203337,0.01421346704327403,-0.09049349377605706
500000,-7,-0.3697929668560982,0.013670569142067211,-0.0896316511033262
500000,-6.5,-0.32100202926148663,0.013171199548657713,-0.08892416613792802
500000,-6,-0.2711070046705221,0.012724954939055039,-0.08836197039680001
500000,-5.5,-0.22012984713747696,0.012332746225962718,-0.08792465788306772
500000,-5,-0.16821997352124646,0.011985993583627159,-0.08758419824782161
500000,-4.5,-0.1155617739041492,0.011672789488270632,-0.0873121363709758
500000,-4,-0.062319055750177536,0.011383807423578248,-0.0870882207735954
500000,-3.5,-0.00866861325266971,0.011114478193572233,-0.08690952882620288
500000,-3,0.04517694924933097,0.010865427866636475,-0.08680353093897833
500000,-2.5,0.09902118085947435,0.01063989065942316,-0.0868224192241115
500000,-2,0.15268375055294553,0.010422177360491924,-0.08689920757786201
500000,-1.5,0.2059226256921853,0.010165521913453247,-0.08681768316666595
500000,-1,0.25864500471389673,0.009851853104695824,-0.08645725813028073
500000,-0.5,0.31122877053074904,0.009580614975399316,-0.08592541845528773
500000,0,0.3641871161260395,0.009476858089005618,-0.08547228260838893
500000,0.5,0.4176137392051437,0.0095256177316477,-0.08514531092203269
500000,1,0.47126983978951154,0.009661814260424248,-0.08485429486919438
500000,1.5,0.5248076323754877,0.009849812085531621,-0.08452255986964288
500000,2,0.5778990124004368,0.010079357619084028,-0.08409755817467642
500000,2.5,0.6302489373532367,0.010351677830466179,-0.08352950925748977
500000,3,0.6815334452713973,0.01067413072721234,-0.08275205390836628
500000,3.5,0.7313137773047156,0.01105849209757334,-0.08167831322579473
500000,4,0.7789611448129433,0.011517164905436453,-0.0802268150373798
500000,4.5,0.8236555296496579,0.012061877193766819,-0.07836303520760941
500000,5,0.864598113529176,0.012718807541192109,-0.07609017014818478
500000,5.5,0.90164752420898,0.013530711702628461,-0.07339600552375539
500000,6,0.9361017278712268,0.014474629053912207,-0.07033683928013965
500000,6.5,0.9698834253681289,0.015438159267549507,-0.06715729424079599
500000,7,1.0038463993089228,0.016361896052099072,-0.06404637967263496
500000,7.5,1.0377719939277843,0.01727486010158601,-0.06103769364267701
500000,8,1.0711850043226967,0.018225401193294657,-0.05811455174019857
500000,8.5,1.1037352106184102,0.01925065195360187,-0.05526244873280582
500000,9,1.135237372164009,0.02037820179862151,-0.0524889943724228
500000,9.5,1.1656171201704772,0.02163313302747386,-0.04981896810721147
500000,10,1.1948253320063318,0.02304062197016817,-0.04727492996385206
500000,10.5,1.222762039464281,0.024623799430411066,-0.04486099752477831
500000,11,1.249256560080107,0.02640423401143264,-0.04256184367336315
500000,11.5,1.2741031876604247,0.028404597099077736,-0.040360867866662445
500000,12,1.2971112473570976,0.03065283007710646,-0.03826293844648711
500000,12.5,1.318135820174124,0.0331872871582246,-0.03630419026197512
500000,13,1.3370736722117045,0.03605531685365964,-0.034543330583060305
500000,13.5,1.353829473394053,0.0392996056929935,-0.0330383073151531
500000,14,1.3682787117764708,0.042938541824731793,-0.03182440140513119
500000,14.5,1.3802460191317878,0.046963190522404386,-0.030909148820886335
500000,15,1.3895118146001875,0.05136955665292111,-0.030284720037648295
500000,15.5,1.3959208978614097,0.05619500194815201,-0.02995924439222989
500000,16,1.3996015795189716,0.06150398615369056,-0.029986669942922605
500000,16.5,1.401091604076563,0.06733356190031373,-0.030447051193863244
500000,17,1.4012009852212732,0.07365693913594462,-0.03139472241398476
500000,17.5,1.4006722233940645,0.08039776001304169,-0.03284197183915082
500000,18,1.3998528216256747,0.08747303423230081,-0.034786916071147284
500000,18.5,1.3985945934675428,0.09479736174059712,-0.0372364379618936
500000,19,1.3964319326137784,0.1022017239948041,-0.040197539891289234
500000,19.5,1.3928448145000665,0.10939350242543397,-0.043679808874705225
500000,20,1.3872929580426159,0.11632957028286942,-0.04777150626986279
500000,20.5,1.379161768762355,0.12371843869317074,-0.05265817428801212
500000,21,1.3681878880308356,0.13230638235225542,-0.05838678869284393
500000,21.5,1.3547816721773327,0.1420282778661869,-0.06477396198764235
500000,22,1.3396861171735157,0.15256377593164328,-0.0716524212588984
500000,22.5,1.3238374933168142,0.16376122600945076,-0.07901944181008981
500000,23,1.3089494953767757,0.17539502440579782,-0.08704257647350061
500000,23.5,1.2982155534916473,0.18683443516946122,-0.09604710001247545
500000,24,1.2929902650801577,0.19770844413344807,-0.10630912409755451
500000,24.5,1.2836076954232727,0.21035216478150645,-0.11718607591500318
500000,25,1.2603053567501723,0.22763701011444157,-0.12716912992110035
500000,-20,-0.5638520862183632,0.19670113252609608,-0.012395767072840154
500000,-19.5,-0.5761693206024208,0.1823585379587219,-0.01920973306521151
500000,-19,-0.6053074547859767,0.16437342582024364,-0.027791845157678227
500000,-18.5,-0.6466464258981018,0.14535922441147556,-0.037083867817114535
500000,-18,-0.6892923979337507,0.12798438280750826,-0.045677253901529526
500000,-17.5,-0.7436563475107082,0.11043466693332957,-0.05629387980228805
500000,-17,-0.821078037891639,0.09125302454766665,-0.06561906991814874
500000,-16.5,-0.8624123139408065,0.07489403440103193,-0.07191460333087396
500000,-16,-0.8929056356678757,0.06292414967542836,-0.07614907361809149
500000,-15.5,-0.9202163730736916,0.05407467293742689,-0.0792059721075029
500000,-15,-0.9393495148796834,0.04688447771501117,-0.08162511713083177
500000,-14.5,-0.9458153343861531,0.04115142222454524,-0.08337077468263875
500000,-14,-0.9392029925451346,0.036535216865867436,-0.08473901560185725
500000,-13.5,-0.9218610388087269,0.03269648783171893,-0.08609783366273335
500000,-13,-0.8966266753644193,0.02941782102823688,-0.08757252317143052
500000,-12.5,-0.8656988798301186,0.026577827122737614,-0.08908876292715559
500000,-12,-0.8302397993592429,0.024104526654164075,-0.09056864106241046
500000,-11.5,-0.790318342135264,0.021951911340386387,-0.09206421798506316
500000,-11,-0.7455107735941751,0.020090728832422414,-0.09370588705744527
500000,-10.5,-0.6961303613542249,0.01850095449180959,-0.09548681167350534
500000,-10,-0.6441046818475301,0.017163225315857386,-0.0970947550907584
500000,-9.5,-0.5923583808514044,0.016049732517220243,-0.09803732570925844
500000,-9,-0.5429581589702355,0.015119184483612012,-0.09802135314244512
500000,-8.5,-0.4959066229392985,0.014322711954197933,-0.09718721679852162
500000,-8,-0.44978261578524903,0.013618798989982065,-0.0959454021966985
500000,-7.5,-0.40314345827680265,0.012986506188700196,-0.0946735322047681
500000,-7,-0.35525138928143574,0.012420796778684516,-0.09357670806943588
500000,-6.5,-0.30600901807303765,0.011917316809174981,-0.09270913617718629
500000,-6,-0.25563162951348506,0.011465225857623837,-0.09204361319396223
500000,-5.5,-0.20440894920014074,0.011047860319935415,-0.09152761084506605
500000,-5,-0.1526583436053656,0.010645123025297805,-0.09111728110656635
500000,-4.5,-0.10075613762000843,0.010238567855292672,-0.09083264258888042
500000,-4,-0.04913670975720241,0.009803656624536953,-0.09074034218633185
500000,-3.5,0.0016214254055280514,0.009256749673522632,-0.09049847335756908
500000,-3,0.051826046324792846,0.008619170124957588,-0.08972854696896511
500000,-2.5,0.10332686621466394,0.008223841595072334,-0.08906627951144183
500000,-2,0.1570258339475795,0.008133497201312954,-0.088884729961753
500000,-1.5,0.2123030478154544,0.008163103179073043,-0.08891012611694415
500000,-1,0.26829711976577386,0.008225645020755535,-0.08897439770250144
500000,-0.5,0.3244861964331266,0.008305142896770874,-0.08901754620925945
500000,0,0.38058494995552666,0.008400696465421553,-0.08901834136382535
500000,0.5,0.43640355352887983,0.008513372078100712,-0.0889650454842086
500000,1,0.4917988087369329,0.008645098751818724,-0.08884672340313601
500000,1.5,0.5466609541303434,0.008798034438013257,-0.08865246003387074
500000,2,0.6008972177797349,0.008973598253801259,-0.08837054518563527
500000,2.5,0.6544032362745156,0.009171934837443618,-0.0879853874268416
500000,3,0.707032917743333,0.009392554190509978,-0.08747395584719977
500000,3.5,0.7585850727995895,0.009636995726071058,-0.08680433932640261
500000,4,0.8088165859347609,0.009913700274154941,-0.08593703317943666
500000,4.5,0.8574601327795557,0.010241442159661066,-0.08482474043678603
500000,5,0.9041715684009352,0.010646167907315464,-0.0833961820551665
500000,5.5,0.9483320804862754,0.011157143605438841,-0.08150477043046053
500000,6,0.9888203412672212,0.011807079779174069,-0.07889933374191321
500000,6.5,1.0241206674410446,0.012629426556519857,-0.07541787732060674
500000,7,1.0533036094532497,0.013681632211781961,-0.07125063784310162
500000,7.5,1.0780329372327122,0.014992902121943182,-0.06674676503199989
500000,8,1.1022818750037153,0.016397772904691604,-0.06227867392452607
500000,8.5,1.1282285999765376,0.017724966503045964,-0.05816598772675986
500000,9,1.1554343389610329,0.018990366660637747,-0.05444463531620324
500000,9.5,1.1828797173640104,0.020278274978271022,-0.05104232291256282
500000,10,1.2098707121147594,0.021653344709072493,-0.047916818789726014
500000,10.5,1.2359449142246395,0.023167784627114586,-0.04503110782533063
500000,11,1.2607436245779775,0.0248759098207522,-0.04234572960409446
500000,11.5,1.2840694401346562,0.026824152206434426,-0.03985511743507708
500000,12,1.305879143075435,0.029046284665501028,-0.03759091547816797
500000,12.5,1.3261828024591655,0.03157295967221651,-0.0355967388265207
500000,13,1.3449535904024086,0.0344379152953769,-0.0339071309545331
500000,13.5,1.3620779321074044,0.03767314810855574,-0.03253150091486261
500000,14,1.377353321671473,0.0412993714051963,-0.03144804575974647
500000,14.5,1.3905362122755651,0.04532186732190633,-0.030618044435378047
500000,15,1.401422330882046,0.04973626163925915,-0.030015394286340764
500000,15.5,1.4099317137262668,0.05453875604736104,-0.029650752704589126
500000,16,1.4161708695911785,0.05973029627360091,-0.0295728826983288
500000,16.5,1.4204429736894892,0.06531042116595363,-0.02984900173119909
500000,17,1.4231784659537414,0.07126920105015144,-0.03054235796694534
500000,17.5,1.4247852320561787,0.07759157378737261,-0.03170370335249611
500000,18,1.4254769459793004,0.08427763084556095,-0.03337613964718441
500000,18.5,1.4251919265948614,0.09135832892910277,-0.03559670177363157
500000,19,1.4236979573614046,0.09886619541238946,-0.038378746228744647
500000,19.5,1.420853611370927,0.10673315714267399,-0.041681680436907384
500000,20,1.4168102802050644,0.1146860755001861,-0.04541133789257899
500000,20.5,1.4118787816284333,0.12240772357387841,-0.049503019454621634
500000,21,1.4061363329955154,0.13004855916644636,-0.05402417760345429
500000,21.5,1.3993504484000983,0.13822023119979518,-0.05909563709980326
500000,22,1.3912877075588863,0.14720038259021875,-0.06471479140775545
500000,22.5,1.3817483925536034,0.15682033017199792,-0.07080378086529547
500000,23,1.3704197900255188,0.16697805601907145,-0.07735556308598418
500000,23.5,1.3571168435462841,0.17774533167718157,-0.08444635326675545
500000,24,1.3428931253408645,0.1890206175854216,-0.09215044354411032
500000,24.5,1.3323252726513921,0.1998284093360221,-0.10049658684900767
500000,25,1.3321242352456457,0.20843002569819122,-0.1096568453568399
500000,-20,-0.512552561917904,0.2120004815814585,-0.009315566850793749
500000,-19.5,-0.49662479037755525,0.20610073618622804,-0.013170764986600046
500000,-19,-0.48695420875521334,0.19785587571878163,-0.017543645995321617
500000,-18.5,-0.49181434234799004,0.185224335481345,-0.02273993097636742
500000,-18,-0.514871266418486,0.16786999198051564,-0.030430937892497525
500000,-17.5,-0.5870999020183677,0.14106831441823345,-0.04625877229885104
500000,-17,-0.7069615458849724,0.10996184222024252,-0.06207505571046851
500000,-16.5,-0.7601670668709548,0.09081925541137346,-0.07050956190190175
500000,-16,-0.7887599034748984,0.07556145963838835,-0.07617313346737833
500000,-15.5,-0.8163709029900563,0.06448128920051406,-0.07975442634322039
500000,-15,-0.8434617757168177,0.056333391592994025,-0.08172913200418674
500000,-14.5,-0.8665288253709462,0.049765288450730256,-0.08247121706697001
500000,-14,-0.8817935402535764,0.044407635727771025,-0.08215602354431296
500000,-13.5,-0.8872761855111762,0.039998143311511705,-0.08120461994915802
500000,-13,-0.8828501627144495,0.036254173833829006,-0.08018802987975601
500000,-12.5,-0.8692066026412648,0.03294489481462851,-0.07956895350443162
500000,-12,-0.8472276102888082,0.029922870340372866,-0.07956987411683404
500000,-11.5,-0.8178321075357173,0.027119552528217822,-0.08020093118798227
500000,-11,-0.7817604110236529,0.02452154189286453,-0.0813991614259532
500000,-10.5,-0.7394378816949736,0.02213887327966405,-0.08313900410931988
500000,-10,-0.691189160898986,0.019981328963526904,-0.08542376600662994
500000,-9.5,-0.6375417658839653,0.01805485577227369,-0.08821364266105795
500000,-9,-0.5794695020741631,0.016370913948637086,-0.09134524474082698
500000,-8.5,-0.5187576809297065,0.01494638809243998,-0.09444666504040816
500000,-8,-0.45809212632234597,0.013785622606464284,-0.09695449883218649
500000,-7.5,-0.4000246357758317,0.012864442336649544,-0.09838716875507701
500000,-7,-0.3454302980109899,0.012128854899448274,-0.09868824769642673
500000,-6.5,-0.2933821981608357,0.011505946774432655,-0.09821320298380508
500000,-6,-0.24240462029142903,0.010926973018815497,-0.09740976264534808
500000,-5.5,-0.1912386439141754,0.010361769156354932,-0.09663703749986353
500000,-5,-0.13994438481526733,0.009761890280102103,-0.0961844062281079
500000,-4.5,-0.09099055217207666,0.008926277865031106,-0.09539547471261256
500000,-4,-0.042583868550497395,0.00814307374183378,-0.09395680690355743
500000,-3.5,0.009047299802817252,0.007919077089642896,-0.09334551412261488
500000,-3,0.0634548784077549,0.00794636768794999,-0.09324814859541215
500000,-2.5,0.11871239712572218,0.008001508469472795,-0.09322522258096592
500000,-2,0.17394333257202346,0.008068110855348727,-0.09314522793548634
500000,-1.5,0.22904042796238783,0.008153410446963867,-0.09299992910406757
500000,-1,0.28408199225595754,0.008256233397539716,-0.09281479018050526
500000,-0.5,0.33913231117860415,0.00837045620838192,-0.09261364264574516
500000,0,0.3942207853871005,0.008488751452011955,-0.09241298835399492
500000,0.5,0.4493459983088399,0.008605563157450537,-0.09222125791468311
500000,1,0.5044680759421276,0.008718696530539227,-0.09203630620320168
500000,1.5,0.5594978401178161,0.008829654719705942,-0.09184275954983893
500000,2,0.614289936005607,0.00894324961835169,-0.09161138838838138
500000,2.5,0.6686448368965519,0.009066760168083485,-0.09130179853869723
500000,3,0.7223268512727304,0.009208651862714416,-0.09086855491851031
500000,3.5,0.7750967469404699,0.009376726748976142,-0.0902681485190645
500000,4,0.826735512514427,0.009575738264835688,-0.08946104151359009
500000,4.5,0.8770255641507758,0.009805310279498748,-0.08840582736914865
500000,5,0.9256944686738338,0.01006022426368886,-0.08705402267488586
500000,5.5,0.9723945201693409,0.010336841731387627,-0.08535980770176563
500000,6,1.0167846622146992,0.010648881117652234,-0.08329781754747684
500000,6.5,1.05862577675061,0.011035275327018472,-0.08085003789883544
500000,7,1.097570002814605,0.011536668245894463,-0.07792854624306386
500000,7.5,1.132445231962123,0.012186808171865534,-0.07425670825772501
500000,8,1.1609042950545994,0.013035609127155363,-0.06948677261605762
500000,8.5,1.1810130214667551,0.014193786750650922,-0.06375293625245276
500000,9,1.194379052539724,0.015854838275232517,-0.057731563512385904
500000,9.5,1.2069612184562122,0.01794033624053882,-0.05226615277070145
500000,10,1.2233875080885768,0.020104917809446184,-0.04795484775472753
500000,10.5,1.2433133163752976,0.022251001727664307,-0.04470387049124787
500000,11,1.2644304829881308,0.024486393076917926,-0.042133816567372355
500000,11.5,1.2848465841916914,0.02691988301243241,-0.039943701229361785
500000,12,1.3034886951887317,0.029623167189782744,-0.0379620817482026
500000,12.5,1.3199495638327359,0.032650469206132925,-0.03613810677472954
500000,13,1.3342565919025118,0.036045383505363814,-0.034498898806359514
500000,13.5,1.3466058821868954,0.03983018759230204,-0.03308398435107724
500000,14,1.3571518128405948,0.043997050141893805,-0.03190538442770351
500000,14.5,1.3659504948743408,0.04851699253970049,-0.03095993859495859
500000,15,1.3730440327439206,0.05335934650159444,-0.030263062595902526
500000,15.5,1.3785781841778821,0.058502030344148026,-0.029859631410117035
500000,16,1.3828563403561245,0.06392628801610065,-0.029805824655651354
500000,16.5,1.3863002658526644,0.06960767494169319,-0.030146549603664998
500000,17,1.3893443031236727,0.07551717154545458,-0.030907700322007473
500000,17.5,1.392315368688888,0.08163488341424613,-0.03210166940475587
500000,18,1.3953525605861552,0.08796649528590463,-0.033733555120379725
500000,18.5,1.3984052327869607,0.0945461144367146,-0.03579849001686599
500000,19,1.4013174999596592,0.10140782558494144,-0.03826916138851477
500000,19.5,1.403960478844611,0.10851304210380779,-0.041081377178268694
500000,20,1.406329462374554,0.11564911948810118,-0.04413370743335546
500000,20.5,1.4085159397240883,0.12240835259765262,-0.0473218684809194
500000,21,1.4105304640076475,0.1284512637989856,-0.05061027497590542
500000,21.5,1.412122596569009,0.13394643898942052,-0.054074246931363576
500000,22,1.4128303731440781,0.13950243271078347,-0.05782520738682055
500000,22.5,1.4121382177147521,0.14560225182120276,-0.06191764924356555
500000,23,1.4094111633799742,0.15247144299984478,-0.0663987209747472
500000,23.5,1.4037057424378714,0.16035803897000633,-0.07141506439453683
500000,24,1.3937205343968406,0.16966750662067523,-0.0772453315802049
500000,24.5,1.377968936706259,0.18089976561541826,-0.08425557321705901
500000,25,1.3552621459093537,0.19452922134476688,-0.09280248117731005
750000,-20,-0.6208024034047062,0.18173639743523684,-0.017807845284370176
750000,-19.5,-0.654975287868369,0.16174859664976957,-0.02711132402531368
750000,-19,-0.7002397095086396,0.14156118512046756,-0.03628960861837906
750000,-18.5,-0.7504907955773472,0.12365791317541429,-0.04691400211404364
750000,-18,-0.8677746230358948,0.09934241637555188,-0.06376195818512306
750000,-17.5,-0.9445861698343463,0.07645111948461024,-0.07562297136500784
750000,-17,-0.971611663366254,0.06094291543470074,-0.08326810811507558
750000,-16.5,-0.9890081592749077,0.05179862853334713,-0.08890866052624495
750000,-16,-0.995553659737247,0.04459057082044272,-0.09394008232462234
750000,-15.5,-0.9868628957423856,0.03896453333002851,-0.09826806210685747
750000,-15,-0.9644671388484727,0.034525626120251424,-0.10216473321162382
750000,-14.5,-0.9330385773855627,0.03091543483182389,-0.10575894721878723
750000,-14,-0.8977585699375854,0.027924245841044325,-0.10874223954707803
750000,-13.5,-0.863162007971636,0.025438123606422263,-0.11054294159698548
750000,-13,-0.8320630160705582,0.02337180703488598,-0.11072845512903655
750000,-12.5,-0.8046405681342284,0.021638408093263502,-0.1093378719511246
750000,-12,-0.7788361328213995,0.020158989753984342,-0.10685910448824826
750000,-11.5,-0.7518664997629503,0.018879089147748062,-0.10393248503381275
750000,-11,-0.7215973082950902,0.017766826607747654,-0.10108033108941397
750000,-10.5,-0.6871279558342285,0.016800900138538556,-0.09859514251888836
750000,-10,-0.6486528216920527,0.01596264988060278,-0.09655753428760794
750000,-9.5,-0.606941014299138,0.015233217359719803,-0.09491465307096089
750000,-9,-0.5628272915840227,0.014593678726175093,-0.09356416989312326
750000,-8.5,-0.5169464273044595,0.014025070640251443,-0.09241718617824116
750000,-8,-0.4697267786758289,0.013506553528436521,-0.09142141149738256
750000,-7.5,-0.4214927949621698,0.013019425693419281,-0.09055592460041323
750000,-7,-0.3724778035890237,0.012552220010309499,-0.08981714669358513
750000,-6.5,-0.3227259202043553,0.012105933470084327,-0.0892076109084901
750000,-6,-0.272092020224875,0.011693978163916667,-0.08872883367238785
750000,-5.5,-0.22044716669442,0.011329162069772369,-0.08837298738962016
750000,-5,-0.16784665827476583,0.011012744647600714,-0.0881199162026271
750000,-4.5,-0.11448209927493673,0.010736398913753581,-0.0879426198165164
750000,-4,-0.06055671909943088,0.010489440691619603,-0.08781473407807168
750000,-3.5,-0.0062465065174142215,0.010263632481776334,-0.08771801471593123
750000,-3,0.048265042631684754,0.010054718825183254,-0.08764973570249979
750000,-2.5,0.10280641959478015,0.009864314628625586,-0.0876400961949672
750000,-2,0.15726264658563915,0.009697106543390151,-0.08774616002982193
750000,-1.5,0.21152863938665467,0.00953976029339791,-0.08790254112997996
750000,-1,0.26542751586980184,0.009352733496792753,-0.08791025524942615
750000,-0.5,0.31884276856712646,0.009117264257606447,-0.08766418251779991
750000,0,0.3719760240018215,0.008907270159762433,-0.0872470934513297
750000,0.5,0.4252426945162968,0.008836704222956421,-0.08687434894303718
750000,1,0.4787788880136946,0.008910463316871868,-0.08660168963738744
750000,1.5,0.5324001875508195,0.009075803733776172,-0.08633504493118259
750000,2,0.5857755178648145,0.009300341477574534,-0.08597404565742753
750000,2.5,0.638510620672456,0.009576346790213805,-0.08542910994976277
750000,3,0.6901331419124925,0.009908356709018016,-0.0846215401641064
750000,3.5,0.7400323104552291,0.01030342052685576,-0.08350237301971816
750000,4,0.7874470913293292,0.010770595633605938,-0.08205445901482007
750000,4.5,0.8316085652933902,0.011336862785664476,-0.08024304747242149
750000,5,0.8722909405116982,0.012042806479256762,-0.07799115675666175
750000,5.5,0.9105901276052843,0.012857043592174525,-0.07534912126748729
750000,6,0.9481795376247256,0.013667221828298225,-0.07256936479726155
750000,6.5,0.985744761686441,0.0144217632043528,-0.0698010800765057
750000,7,1.0230115519414722,0.015150045854392086,-0.06706057695989659
750000,7.5,1.0595234936057736,0.015896565345784725,-0.06432354095848757
750000,8,1.0949602086609125,0.016695495536213644,-0.061562823184682904
750000,8.5,1.1291668776004955,0.01757157139159311,-0.05877547971736428
750000,9,1.16212301330647,0.018545038862524756,-0.05598853039146878
750000,9.5,1.1938727110708034,0.01963748094013538,-0.053244791607656675
750000,10,1.2244247268065434,0.020873866215932103,-0.05058359599789503
750000,10.5,1.2536722109926717,0.02228035912316449,-0.04802483882082719
750000,11,1.281385993515849,0.023882877654972576,-0.045563077763967716
750000,11.5,1.307270715376911,0.025705102316626646,-0.04317863489970917
750000,12,1.3310403438957636,0.02777076875002722,-0.04085911324184332
750000,12.5,1.3524867331554646,0.030112376884977914,-0.03862310991945286
750000,13,1.3715181418039133,0.03277736082858935,-0.03653264303884109
750000,13.5,1.3881370806328737,0.035822193838534834,-0.03467430170594991
750000,14,1.4023513663616032,0.0392932675642035,-0.03311475324491632
750000,14.5,1.414080055156233,0.04320688160866466,-0.03187444968280874
750000,15,1.4231445695324965,0.04754870331849005,-0.030954185287692903
750000,15.5,1.4293540380005902,0.052304224478833136,-0.03038026270836593
750000,16,1.4326336091148992,0.0575013276088836,-0.030205226602200482
750000,16.5,1.43320129670406,0.06320836898027725,-0.03047321540739508
750000,17,1.431703032009164,0.06946592959610214,-0.031199362337058587
750000,17.5,1.4290686472819072,0.07622496619459543,-0.032374897960433136
750000,18,1.4260981998040143,0.08335337912121989,-0.033992540676480526
750000,18.5,1.423101610042497,0.09067219444136648,-0.03607288663679643
750000,19,1.4198371190184864,0.09796245152632636,-0.03867021356250648
750000,19.5,1.415675454061911,0.10502950681595047,-0.04187806275036886
750000,20,1.4097713650370396,0.11201435013985056,-0.04585829278459321
750000,20.5,1.4013530815723931,0.11953982947262655,-0.050778719336209886
750000,21,1.3903172127806709,0.12800604411984493,-0.056608155654756485
750000,21.5,1.3774365707114538,0.1372140462717195,-0.06311806402720006
750000,22,1.363884337912449,0.1468817442877318,-0.0700904407123149
750000,22.5,1.3507480278585566,0.15687362880281575,-0.07740685829122783
750000,23,1.3388804736120228,0.16710241216279997,-0.08504286421356547
750000,23.5,1.3289972160121781,0.17746103228008558,-0.09304882642388265
750000,24,1.3215596253918787,0.18786606549554946,-0.10150069740068496
750000,24.5,1.315728987613064,0.19853243826584854,-0.11036901220832197
750000,25,1.3078867007085935,0.21040910240691213,-0.119304978964766
750000,-20,-0.6532460877852646,0.1707443914491961,-0.02252680969786202
750000,-19.5,-0.6869811459794722,0.15329714899833985,-0.031727243310267134
750000,-19,-0.7233970711230454,0.13703234785572244,-0.039907855809292694
750000,-18.5,-0.7590127959268123,0.1223979840895763,-0.04745345001295461
750000,-18,-0.8245445201285543,0.10515635690923304,-0.05845764732012419
750000,-17.5,-0.9065049439983189,0.0860805172830242,-0.06794604874763523
750000,-17,-0.9501970772973165,0.06880425045979732,-0.07471119145918945
750000,-16.5,-0.9807349456766754,0.05741601367131373,-0.07899866155551592
750000,-16,-1.0042835489184994,0.04930450805170239,-0.08204676032542071
750000,-15.5,-1.0168542979367912,0.04291367622662208,-0.08425446822041655
750000,-15,-1.0158768230875894,0.03785046597170883,-0.08579975158830108
750000,-14.5,-1.0024806579554353,0.033727613039302454,-0.08715266977111338
750000,-14,-0.9794683874479053,0.030252780573340608,-0.08866601673248146
750000,-13.5,-0.9494444478798252,0.02725707058224574,-0.0904077153045102
750000,-13,-0.9142840564297874,0.024647104130727075,-0.09227231911831721
750000,-12.5,-0.8750581336374748,0.022367750448378868,-0.09413771034681295
750000,-12,-0.8321049955603752,0.02038610076524254,-0.09595154649567797
750000,-11.5,-0.7855837095694025,0.01868442143658624,-0.09767696585987304
750000,-11,-0.7364395289186483,0.017251857600105634,-0.09913467557285696
750000,-10.5,-0.686744610317909,0.016072453679515868,-0.09996219886304616
750000,-10,-0.6385515918159744,0.015112240242367868,-0.09986698737219736
750000,-9.5,-0.5924053171140473,0.014315741540377467,-0.09892042888926154
750000,-9,-0.5473833795635716,0.013621134863306414,-0.09750108103519071
750000,-8.5,-0.5022514276209468,0.012980937976152837,-0.09600490137026062
750000,-8,-0.456172919952801,0.012372194801227174,-0.09467257014959046
750000,-7.5,-0.4087372312081633,0.011799368354850421,-0.09359610691969593
750000,-7,-0.35984039201824647,0.011279863589307569,-0.09277769047447396
750000,-6.5,-0.3096245071520417,0.01082336220385466,-0.092172469347561
750000,-6,-0.2583814871585209,0.010425879494824684,-0.09171948802223923
750000,-5.5,-0.2064143426754083,0.010073498627697842,-0.0913631412842593
750000,-5,-0.15396929555029026,0.009746914976963308,-0.09106328237677987
750000,-4.5,-0.10127636599189907,0.009425486124989741,-0.09080146131657348
750000,-4,-0.0485456283517928,0.00909636153549443,-0.09064307226571128
750000,-3.5,0.004026760353257511,0.008741402883215045,-0.09067104203710052
750000,-3,0.056073407992876204,0.008285622884643636,-0.09055345723580394
750000,-2.5,0.10783835696817703,0.007744731095386887,-0.09000779162248486
750000,-2,0.16073866450790184,0.007387998666131437,-0.08958395947865287
750000,-1.5,0.2155249328614129,0.007288552135822718,-0.08958271926964519
750000,-1,0.2716301466520267,0.007309123953783784,-0.08973503186074733
750000,-0.5,0.3282468844622919,0.00737579304617623,-0.08988382865385404
750000,0,0.38486483096037727,0.007469905102529852,-0.08998211941594818
750000,0.5,0.4412203622317155,0.007586802558372711,-0.09002006215476309
750000,1,0.4971715961442955,0.007723952469912017,-0.08999677514074184
750000,1.5,0.5526203239203239,0.00787933916078483,-0.08990954019461138
750000,2,0.6074606780348241,0.008051850258591512,-0.08974876506498661
750000,2.5,0.6615488081950346,0.008242769041146054,-0.08949564462536655
750000,3,0.714701024834728,0.008458265581879395,-0.0891223221149214
750000,3.5,0.766717511473471,0.00871112938975955,-0.08859395946083412
750000,4,0.8173914269395952,0.00901881858021111,-0.08786536536960966
750000,4.5,0.8664206408501937,0.009400591358787782,-0.08685127732410385
750000,5,0.9131918498276672,0.009879893521610015,-0.08537074346754174
750000,5.5,0.9565999251552008,0.01048110918642788,-0.08318449480772144
750000,6,0.9952247522463726,0.011225437609841961,-0.08023626338567341
750000,6.5,1.0283947673667546,0.012165283911816958,-0.0767068974268917
750000,7,1.058018916054949,0.013296260050961605,-0.07280965352863222
750000,7.5,1.0875484719067599,0.014437480820469134,-0.06888231486063565
750000,8,1.1183045013799529,0.015476158066373716,-0.06517489711848558
750000,8.5,1.1496922370596334,0.016457649189734896,-0.06167110286140786
750000,9,1.180895955006266,0.017456926262075467,-0.0583067249470895
750000,9.5,1.2114104467528717,0.018530337491632576,-0.055048777973785934
750000,10,1.2409699613202485,0.0197147906959572,-0.05190369820555975
750000,10.5,1.2694490941564314,0.021029355134708813,-0.048910376561517754
750000,11,1.2967807541794303,0.022485806195153106,-0.04610801077739726
750000,11.5,1.322831360193796,0.02410749946684787,-0.04349454554719047
750000,12,1.347398668605001,0.025934974958364335,-0.04104230250753754
750000,12.5,1.3703268573735148,0.02801241745508351,-0.038753634904778116
750000,13,1.3915240385615273,0.030381573172303764,-0.03667120947658491
750000,13.5,1.410912084180243,0.033085729615976986,-0.03485226640779475
750000,14,1.4283939713877707,0.03616712844131351,-0.03333985239789817
750000,14.5,1.443833544321531,0.03965457661959692,-0.03213917714444049
750000,15,1.4570555772056555,0.04355334630587533,-0.0312160101435694
750000,15.5,1.467886454254268,0.047850014356135166,-0.030527591965656912
750000,16,1.4762244738814982,0.05253039805796238,-0.03006486701603459
750000,16.5,1.482106437319484,0.05759486077516711,-0.02987236018684256
750000,17,1.485738034705745,0.06305816687944292,-0.030034164549054932
750000,17.5,1.48745892530305,0.06893738472887781,-0.030642674651912533
750000,18,1.487626170583434,0.07524427455425227,-0.031774847291485275
750000,18.5,1.486451278126729,0.08199309818016187,-0.03348650228433741
750000,19,1.4839011211166944,0.08920664429574705,-0.03581239743404061
750000,19.5,1.4797816688635854,0.0968713749874159,-0.03875227768151263
750000,20,1.4739784415078216,0.10481810477024847,-0.04225221577104504
750000,20.5,1.4665694838519459,0.11271660718126005,-0.046249961438418516
750000,21,1.4575278976974635,0.12057215749603582,-0.050816239441548935
750000,21.5,1.446516335582106,0.12901321389113277,-0.05612429626886989
750000,22,1.4333672348143223,0.1382609457596858,-0.06214278472435923
750000,22.5,1.4182971777501994,0.14795820962765632,-0.06867335890178065
750000,23,1.4017554344954009,0.15800450427459625,-0.0756129471531124
750000,23.5,1.3846409404410802,0.16847451251970041,-0.08297542135481341
750000,24,1.368831373829743,0.1791830736158203,-0.09083467781285169
750000,24.5,1.3575132671611672,0.18948769461419407,-0.09930728731847123
750000,25,1.3529672981854297,0.1987974104059898,-0.10847556830667009
750000,-20,-0.5708740106646493,0.19074620868306852,-0.01609073891037089
750000,-19.5,-0.6047690640137795,0.1712159038356787,-0.025128229096880828
750000,-19,-0.6455336956730435,0.15185272077740256,-0.0342509262463958
750000,-18.5,-0.6844877275235741,0.13407891889986048,-0.04363232271540395
750000,-18,-0.7295893211178573,0.11618525224035038,-0.05508487684048868
750000,-17.5,-0.7847874976956914,0.09862775795177599,-0.06453613343380253
750000,-17,-0.8209866780735137,0.08502855551208632,-0.07010681814579256
750000,-16.5,-0.8468514236441642,0.07345300691324867,-0.07389602613641585
750000,-16,-0.8726321542821924,0.0637740681550736,-0.07634983818189327
750000,-15.5,-0.8985963824822255,0.05559924715230548,-0.07798176747374662
750000,-15,-0.9210467849348434,0.04858655696462021,-0.07915576527658112
750000,-14.5,-0.9352696334483291,0.042747897736634316,-0.07988719077109382
750000,-14,-0.9382727561019368,0.03793296117181761,-0.08034903169440717
750000,-13.5,-0.9299314326741711,0.03386180463614927,-0.08093696863132233
750000,-13,-0.9120508215646603,0.03031144526129703,-0.0818889900632034
750000,-12.5,-0.8869854498437855,0.027169164903162686,-0.08310180185998634
750000,-12,-0.8565233268497743,0.02438546159084085,-0.08434565566447305
750000,-11.5,-0.8210830993905529,0.021930528178942726,-0.08557946657877101
750000,-11,-0.7798544708201798,0.019778345102022005,-0.08702768019991436
750000,-10.5,-0.7319953186092205,0.01790054378062649,-0.08897399999782842
750000,-10,-0.6778508278338609,0.01626689796465374,-0.09149820075727902
750000,-9.5,-0.6193757980863005,0.014855097003092586,-0.0943336922963296
750000,-9,-0.559769295104753,0.013659316106251044,-0.09688963129904857
750000,-8.5,-0.5022399080107219,0.012679058751073953,-0.09851682939184826
750000,-8,-0.4482601446901145,0.011893722170372769,-0.0989455147959128
750000,-7.5,-0.397046400776544,0.011259671105022793,-0.09845176677978473
750000,-7,-0.34691186484587516,0.010726674571473823,-0.09754390544665947
750000,-6.5,-0.29667090143299574,0.010247610283190347,-0.09660131833884537
750000,-6,-0.24589136725707783,0.009781339278655139,-0.0957965907378659
750000,-5.5,-0.1944231434853023,0.009304581840585012,-0.09518006306029898
750000,-5,-0.14210170396600585,0.008822111987952574,-0.09484981410470376
750000,-4.5,-0.09044006972672422,0.008234762177927337,-0.09468993870683255
750000,-4,-0.040890800781694894,0.007445247318172302,-0.09385683862066861
750000,-3.5,0.009655336191707359,0.006900390703200264,-0.0929967287318457
750000,-3,0.06314017664023523,0.006771335400401122,-0.09291540790867653
750000,-2.5,0.11833581476892618,0.006787433980200435,-0.09303975977824101
750000,-2,0.17395338119608772,0.006843042083267449,-0.09311276013912159
750000,-1.5,0.2295713469834469,0.006921396403041617,-0.09310314761490084
750000,-1,0.2851585838170669,0.007014668461090834,-0.0930374966591184
750000,-0.5,0.3407641221988963,0.00711640873096876,-0.0929430748829494
750000,0,0.3964086776291383,0.0072215196094695434,-0.09283526743331014
750000,0.5,0.452060055686875,0.007326723019404914,-0.09271893454557739
750000,1,0.5076323398870436,0.007431768767402905,-0.09258941675666323
750000,1.5,0.5629897301266426,0.007540127130661245,-0.0924322799395067
750000,2,0.6179595113894766,0.007658491348735144,-0.09222472684744443
750000,2.5,0.672360011817276,0.007795102795366504,-0.09193985145197339
750000,3,0.7260350415194596,0.007957235245458789,-0.09155179504339492
750000,3.5,0.7788686874432691,0.008148625859500621,-0.09103795850568779
750000,4,0.8307575600443013,0.00836835822809992,-0.09037656716721396
750000,4.5,0.881556370339653,0.008613319382913194,-0.08954352172747555
750000,5,0.9310538662063559,0.008886492002390205,-0.08851448094263696
750000,5.5,0.9790187507549076,0.009208012372474353,-0.08726635611414223
750000,6,1.0252229526852932,0.009611305653647663,-0.08575157281275199
750000,6.5,1.0691566575927463,0.010125190019378918,-0.08380943717627534
750000,7,1.1094041333548819,0.01077588885659027,-0.08106973294084308
750000,7.5,1.1435358298221627,0.011588228370395925,-0.07716319546514891
750000,8,1.1695636506619838,0.012625881918638468,-0.0721663879635736
750000,8.5,1.1888520105954135,0.014008430049335156,-0.06655759548685652
750000,9,1.207085930648247,0.015590300099065197,-0.061085782967689024
750000,9.5,1.2284306875341238,0.01710664740742833,-0.05633031480432128
750000,10,1.252665981368517,0.018561797078667164,-0.052318223183713625
750000,10.5,1.2781156205589816,0.02008431413072662,-0.04891093244536992
750000,11,1.3034473555898416,0.021771714765727958,-0.04598640291389424
750000,11.5,1.3278322515459866,0.02367850720275566,-0.04343890496864211
750000,12,1.3507497714113992,0.025835700914692825,-0.04116948024635578
750000,12.5,1.3718718884613645,0.028266627900914994,-0.039101798937988624
750000,13,1.391044573589046,0.03099838521767119,-0.03721038615069552
750000,13.5,1.408250755185133,0.034064075435906,-0.03551845542481064
750000,14,1.4235092377576617,0.03749288544701139,-0.03405834279990779
750000,14.5,1.4367800201717527,0.04129670026481416,-0.03283480801178075
750000,15,1.447953384747009,0.04546700511255351,-0.03182730724289972
750000,15.5,1.4569218688273529,0.049986009501454855,-0.031023685368102776
750000,16,1.4636724033228519,0.05484175232413027,-0.0304493912293909
750000,16.5,1.468337332415219,0.06003481351709108,-0.030169535085559338
750000,17,1.471177277904615,0.0655752057718843,-0.03027030728898206
750000,17.5,1.472500350618746,0.07147860948991583,-0.030838545895997153
750000,18,1.4725495314248906,0.07777115465024832,-0.03194990851024591
750000,18.5,1.4714168254860445,0.08450186866629404,-0.03366254200874259
750000,19,1.469051204391758,0.0917482269827131,-0.03600691299363151
750000,19.5,1.4653889892373038,0.09959002081105116,-0.03896678256689078
750000,20,1.4605485200719235,0.10802448847679683,-0.042458684859344946
750000,20.5,1.4549413190584284,0.11682442234384015,-0.04633464173640418
750000,21,1.44913597562492,0.12548562321868145,-0.05044577194667638
750000,21.5,1.4434781236458574,0.1335927940358389,-0.054763315206875
750000,22,1.437845731509572,0.14138076069381172,-0.05941212031625877
750000,22.5,1.4319282815917243,0.1493978756238552,-0.06449023910277032
750000,23,1.425576923798972,0.15775300104288079,-0.0699385058220933
750000,23.5,1.418712811777143,0.16628125703389854,-0.07565289877321375
750000,24,1.4111262914698561,0.1749436186104638,-0.08159640340533916
750000,24.5,1.4024266510867613,0.1838549901645885,-0.08780210834356679
750000,25,1.3921218342788662,0.19320322021800926,-0.09434513983900396
1000000,-20,-0.7005257362973072,0.15830261884329985,-0.027179834175846285
1000000,-19.5,-0.7404982693567148,0.1399080057481286,-0.03575085980393947
1000000,-19,-0.7863459875675709,0.1234574159030102,-0.04640369910406653
1000000,-18.5,-0.9020511008345292,0.10001267075158327,-0.06316350057724573
1000000,-18,-0.9857850176894829,0.07720314016930807,-0.0756679179963624
1000000,-17.5,-1.014479983266052,0.060610469522875035,-0.0840349601362067
1000000,-17,-1.0305273272022273,0.0514283247465249,-0.08994714053447223
1000000,-16.5,-1.0365679330308746,0.0443042169195963,-0.09520374178593195
1000000,-16,-1.0282124276128277,0.03868988204757147,-0.09973044344065678
1000000,-15.5,-1.0063031991849596,0.03425055831413755,-0.10373263999692561
1000000,-15,-0.975357009828749,0.03064382359845758,-0.10734608250515004
1000000,-14.5,-0.940698706919499,0.027660016305602143,-0.11028535219051824
1000000,-14,-0.9068787521971498,0.02518125185075565,-0.11201679277279117
1000000,-13.5,-0.876537769393269,0.02311719623617254,-0.11216140774706194
1000000,-13,-0.8497317661089909,0.021378577402358875,-0.11078511941255127
1000000,-12.5,-0.8245219425803378,0.019888398398300904,-0.10834089731923788
1000000,-12,-0.7983582647177307,0.018596171629589212,-0.10540331230248924
1000000,-11.5,-0.769181005360642,0.017472763069568114,-0.10246062600202913
1000000,-11,-0.7359325152528227,0.01649702629038924,-0.099824192375185
1000000,-10.5,-0.6985727595491714,0.015649072915455243,-0.09762020793348786
1000000,-10,-0.6577268804899357,0.014910290883310258,-0.0958402871060719
1000000,-9.5,-0.6142230827159835,0.014263566815282102,-0.0944073294026791
1000000,-9,-0.5687612554232803,0.013692853684036324,-0.09322570896508281
1000000,-8.5,-0.5217919394451742,0.013182973211442803,-0.09221940160722854
1000000,-8,-0.4735795229787619,0.012717446565101728,-0.09134610302100979
1000000,-7.5,-0.4243462920862535,0.012281098777492259,-0.09059027609802542
1000000,-7,-0.37433582174824465,0.011861449134949279,-0.08994922759856937
1000000,-6.5,-0.32371311466183916,0.011452714197248652,-0.08942336519386648
1000000,-6,-0.27242620928389044,0.011064280179417695,-0.08901485882270559
1000000,-5.5,-0.22029431037456604,0.01071448954125707,-0.08872204405718434
1000000,-5,-0.16726191033644205,0.010413507460580673,-0.08853121344689988
1000000,-4.5,-0.11346988123263148,0.010157733901098582,-0.08841831469381817
1000000,-4,-0.0591280656529489,0.00993638260451922,-0.08835693310262518
1000000,-3.5,-0.004417566965676856,0.009738522638390453,-0.08832500060583916
1000000,-3,0.05049495262407652,0.009556381398247792,-0.08831054024549877
1000000,-2.5,0.10544310154231062,0.009387416898829614,-0.08831960835286932
1000000,-2,0.16031772644489342,0.009237135494908845,-0.08840045192849652
1000000,-1.5,0.21505696923440115,0.00910988706804298,-0.08859135302896592
1000000,-1,0.26956872897133116,0.008987269094431465,-0.08877248436136954
1000000,-0.5,0.32370538625870976,0.008834270194163446,-0.08876740697555828
1000000,0,0.37740538204259333,0.008649870766606817,-0.08853400853268735
1000000,0.5,0.4308780673587318,0.00851647441609306,-0.08818961203721906
1000000,1,0.4844465407486212,0.008518295444555141,-0.0879002428431748
1000000,1.5,0.5381267546460886,0.00864260520406167,-0.08763994258850875
1000000,2,0.5916349712599213,0.008849365943861978,-0.0872821992407687
1000000,2.5,0.6445168737114635,0.009119725807224524,-0.08672452599812386
1000000,3,0.6961900970856073,0.009450459954911224,-0.08591282600397525
1000000,3.5,0.7459531489054729,0.009845678193003294,-0.08482607253189636
1000000,4,0.7930414360369729,0.01032431656093506,-0.08342160552076829
1000000,4.5,0.8369449538625922,0.010925873521425775,-0.08159995841673302
1000000,5,0.878210013368601,0.011647086998872411,-0.07934472549507343
1000000,5.5,0.9183689950287655,0.012387963966143934,-0.07687874288035473
1000000,6,0.9583830978274781,0.013070731917079146,-0.07437895783691738
1000000,6.5,0.9981115657990036,0.013707271667998493,-0.0718739806429945
1000000,7,1.0370669581577014,0.014340215878968587,-0.0693410372650343
1000000,7.5,1.07486579641777,0.015005227501842298,-0.0667409005215337
1000000,8,1.111290460718739,0.015727654966740903,-0.06404759186929979
1000000,8.5,1.1462853188902948,0.016525671824835768,-0.06126735566246313
1000000,9,1.1799243083707434,0.01741470301286449,-0.05843661193914377
1000000,9.5,1.2123209473173162,0.018414233053946467,-0.055606834148086384
1000000,10,1.2434976272108917,0.01955067713879649,-0.05282718558343788
1000000,10.5,1.273303521549737,0.020855443032192205,-0.050128971832448264
1000000,11,1.301444254803164,0.022360656106440713,-0.04751824585840818
1000000,11.5,1.327574577642515,0.024092466390701776,-0.044981036735848495
1000000,12,1.3513870265255865,0.026071336746696344,-0.042498159147694635
1000000,12.5,1.372679987049397,0.028321848850847667,-0.0400729567841303
1000000,13,1.3914026599904337,0.030882819299556885,-0.03775825144182632
1000000,13.5,1.4076491563322222,0.03380651037578645,-0.035649866878574216
1000000,14,1.4215701834819758,0.03714234825475678,-0.033838700003643134
1000000,14.5,1.43323571468284,0.04091643114769071,-0.03236361741147606
1000000,15,1.442555953512935,0.0451274497221254,-0.031219759941427984
1000000,15.5,1.4493416551978027,0.04976378638619327,-0.030416041542585315
1000000,16,1.453464931457331,0.05482600260133441,-0.030009532555495613
1000000,16.5,1.4550071308805235,0.06034114680971862,-0.03006710373647062
1000000,17,1.4543488007284917,0.06635152837144687,-0.03060552791440923
1000000,17.5,1.4521755667060925,0.0728654216239709,-0.03159351210810877
1000000,18,1.4492791802400469,0.07981285760697715,-0.033003652568797656
1000000,18.5,1.4461969133755421,0.08704693416227921,-0.03485050576259106
1000000,19,1.4429708534519352,0.0943588749571553,-0.03719215778273976
1000000,19.5,1.4391733645234623,0.10151602771103742,-0.04012017192416114
1000000,20,1.4340537506226065,0.10848256148460042,-0.04377653057436393
1000000,20.5,1.426754146862312,0.11569653353149488,-0.04833822179962514
1000000,21,1.4168288733963035,0.12366328641184697,-0.05385141956281058
1000000,21.5,1.4046843053586682,0.13236337849672927,-0.06014662252483447
1000000,22,1.391349936826002,0.14154838030125363,-0.0670072797974567
1000000,22.5,1.3779875794083143,0.1510713452705763,-0.07429073600086811
1000000,23,1.365565895073645,0.16084552757954887,-0.08192443364441714
1000000,23.5,1.3547274108774678,0.1707985485943685,-0.08987652706696775
1000000,24,1.3457000169445819,0.18091140945418718,-0.09812022987379626
1000000,24.5,1.3381019702975716,0.19130159244630718,-0.10658679699648765
1000000,25,1.3306810974720122,0.20231544137277777,-0.1151097494809926
1000000,-20,-0.7229742914132855,0.1539462211533163,-0.030321305197579362
1000000,-19.5,-0.7548975894937033,0.13868058560557378,-0.03754418501584894
1000000,-19,-0.7880445351882451,0.1247386488291263,-0.04465094601953386
1000000,-18.5,-0.8596580797927955,0.10714843681251747,-0.056629391828391745
1000000,-18,-0.9573090165894032,0.08617812057285736,-0.06792136336865871
1000000,-17.5,-1.0072517593493167,0.067320167505045,-0.07562456270767531
1000000,-17,-1.0375655640295995,0.055804647562331874,-0.08022454262650916
1000000,-16.5,-1.0592961229255464,0.04797092349351823,-0.08335196469781833
1000000,-16,-1.0697469379626252,0.04183689376442282,-0.08554222484257798
1000000,-15.5,-1.0668334740688563,0.03695977854560054,-0.08705522229364795
1000000,-15,-1.0518530073991725,0.032963167652546914,-0.08840951117201479
1000000,-14.5,-1.027529536182368,0.029576930281479504,-0.08997281112655528
1000000,-14,-0.9962936755088836,0.026648258275075304,-0.09182734281811018
1000000,-13.5,-0.9599121146416956,0.024092378108032213,-0.0938747424319344
1000000,-13,-0.9195584313064855,0.021858608919977564,-0.09596070780817179
1000000,-12.5,-0.8759188822767542,0.0199168537353796,-0.09794707401626918
1000000,-12,-0.8295748318067824,0.018251955636377812,-0.09968894693334186
1000000,-11.5,-0.7816609812706583,0.016855162482345757,-0.10094373157133661
1000000,-11,-0.7339744491507114,0.01571053686387249,-0.1013867513251002
1000000,-10.5,-0.6878792382540274,0.014782514239843694,-0.1008609621613407
1000000,-10,-0.6432260735799571,0.014016610427935285,-0.09958744047231395
1000000,-9.5,-0.5988382911561321,0.013355002429033775,-0.09800546013579117
1000000,-9,-0.5537159381795516,0.012752593698498495,-0.09646648876187691
1000000,-8.5,-0.5074803025661699,0.01218129447906594,-0.09513405276017566
1000000,-8,-0.4601219026074151,0.011627134747478394,-0.09404578060270133
1000000,-7.5,-0.4116793711302587,0.01109631255802312,-0.09318838485811827
1000000,-7,-0.36212843653190685,0.010609651090834001,-0.09253339662191239
1000000,-6.5,-0.311485896540998,0.010182878652272572,-0.09204233946111161
1000000,-6,-0.25990230519203783,0.009816947630987874,-0.09167108248375037
1000000,-5.5,-0.20759690313573934,0.009500456535380817,-0.09137907147034943
1000000,-5,-0.15475666771955235,0.009215026288012748,-0.09113595306447565
1000000,-4.5,-0.10153927012183292,0.008939408157953651,-0.09092295394263933
1000000,-4,-0.04810576504568889,0.008656055235732495,-0.09075272002658732
1000000,-3.5,0.005442948534677111,0.008361238913405756,-0.09075238761405073
1000000,-3,0.05893944708747356,0.008029005271045352,-0.09089938666555933
1000000,-2.5,0.11204581273162853,0.007591474801240096,-0.09079874826695675
1000000,-2,0.16513661592708528,0.007125284496513728,-0.09039051776160804
1000000,-1.5,0.21937264749458169,0.006866286573114206,-0.09024467485770835
1000000,-1,0.27508968777422654,0.006813634906100483,-0.09040864272798765
1000000,-0.5,0.3316623572910507,0.006857308204583562,-0.0906299380768874
1000000,0,0.38843965236359906,0.006946052006911029,-0.09080584551356484
1000000,0.5,0.44504645095565853,0.00706302243704183,-0.09091595044927084
1000000,1,0.5012841606416019,0.007200473347352712,-0.09096036491651456
1000000,1.5,0.5570134285670656,0.0073543822071656904,-0.09093796123069821
1000000,2,0.612093416408354,0.007525130341906811,-0.0908392998085132
1000000,2.5,0.6663683055364662,0.007718833491449997,-0.09064587917293157
1000000,3,0.7196850206541074,0.007947027964370308,-0.09033250805474763
1000000,3.5,0.7719002218066268,0.008223573708323906,-0.08986391093074259
1000000,4,0.822801830909739,0.008563090584600941,-0.08916537695519702
1000000,4.5,0.8719161119828387,0.008985000918713851,-0.08807376570159471
1000000,5,0.9183195024605505,0.009510545080858522,-0.08637493726053078
1000000,5.5,0.9607028303085279,0.010154755596286013,-0.08400344399696091
1000000,6,0.9981222771457834,0.01096061958170993,-0.08107714140629674
1000000,6.5,1.0317076020022,0.011947714123145789,-0.07772043209075334
1000000,7,1.0645680335374736,0.012961996821576897,-0.07421284744553461
1000000,7.5,1.098279862882394,0.013871992962304442,-0.07082423624808107
1000000,8,1.1324233309388472,0.01470582130450277,-0.06755245500544287
1000000,8.5,1.1662392949517582,0.015531350253713366,-0.0643357136895009
1000000,9,1.199289019667186,0.01639815818696251,-0.06113879943690376
1000000,9.5,1.23139571475105,0.01734390964056061,-0.05795847378351513
1000000,10,1.262469418660002,0.018398602234175,-0.054818888130119314
1000000,10.5,1.2924109723920243,0.019584299287444554,-0.05175957553058803
1000000,11,1.3211355359440602,0.02091307444648122,-0.04883270155292096
1000000,11.5,1.3485962147755932,0.02238838201009659,-0.046089563417051976
1000000,12,1.3746834329729984,0.02402428584299096,-0.04353560311646161
1000000,12.5,1.3991700802917193,0.02586003119221188,-0.041131682738389574
1000000,13,1.4218325072510953,0.02794746768315991,-0.03886540895361305
1000000,13.5,1.4425260566029194,0.030338687809609452,-0.03678413524083968
1000000,14,1.4611554078320097,0.03308630223832555,-0.034964749184465856
1000000,14.5,1.4776312242215823,0.0362379601669298,-0.033465863532578036
1000000,15,1.4918275689719445,0.039820709547418065,-0.032290949606735043
1000000,15.5,1.5035617594203508,0.043832675518285576,-0.03139145075381358
1000000,16,1.512630576022187,0.048257060395063694,-0.030716554438895934
1000000,16.5,1.518888826721156,0.05308991534207012,-0.03026965727677553
1000000,17,1.522331000698019,0.0583575609276204,-0.030126185671472357
1000000,17.5,1.5231447914022713,0.06410880025326035,-0.03040535305461321
1000000,18,1.521699218276125,0.0703888882734854,-0.031222141265717703
1000000,18.5,1.5184284853285404,0.07721712275593358,-0.032653435922651526
1000000,19,1.5136428195763036,0.08457915328218805,-0.03473325334572589
1000000,19.5,1.5074125469298627,0.09240163175857714,-0.037459774451719344
1000000,20,1.4996451121043517,0.10046954884541452,-0.0407991089379995
1000000,20.5,1.4901806046245043,0.10847159528813621,-0.044740848799137097
1000000,21,1.4786062453503073,0.11655178246101587,-0.04943167303366706
1000000,21.5,1.4643490061074145,0.12535820681545834,-0.05505876659867213
1000000,22,1.4474715218390457,0.13485982773697827,-0.06152164284254705
1000000,22.5,1.4289398995197589,0.1446569869800468,-0.0686191916309775
1000000,23,1.4104477116969436,0.15464558354507038,-0.07627958050418862
1000000,23.5,1.3940002118428931,0.16470793779889867,-0.0844855687241571
1000000,24,1.38097050439431,0.1746610062800245,-0.09319178583410732
1000000,24.5,1.370996276118472,0.18458180095958523,-0.1022730602607413
1000000,25,1.3615164321530135,0.19508372826734763,-0.11145791884079204
1000000,-20,-0.6802411169684004,0.1624984854106247,-0.027777373483074984
1000000,-19.5,-0.708489335134747,0.14699912968637846,-0.03619450954133446
1000000,-19,-0.7349682144319974,0.13258903111060932,-0.04327314340940385
1000000,-18.5,-0.759105243575716,0.11901053056620424,-0.05025064550094183
1000000,-18,-0.7939094947619659,0.10469646817200336,-0.059164883095614185
1000000,-17.5,-0.8462688099460531,0.08966978515135113,-0.0667417121977362
1000000,-17,-0.888052664773632,0.0762851805834317,-0.07166169286399801
1000000,-16.5,-0.9214743200021308,0.06450513673132131,-0.07516809309368455
1000000,-16,-0.9515277932581805,0.055085033432871404,-0.07760123656965263
1000000,-15.5,-0.9760324281078656,0.04752678685076442,-0.07937591348588426
1000000,-15,-0.9906397285705114,0.041458230868128686,-0.08057198777659129
1000000,-14.5,-0.9927104288333997,0.03655931345981523,-0.08138448226028897
1000000,-14,-0.9827256456890031,0.032478577286777034,-0.08225194601620996
1000000,-13.5,-0.9630266302086419,0.028969197914730845,-0.08343717932034328
1000000,-13,-0.9362628046371596,0.025907886431641144,-0.08484347763152723
1000000,-12.5,-0.9044014039332013,0.023232780863516305,-0.08623250871820048
1000000,-12,-0.8680225832940667,0.02090196298012933,-0.08753279925659616
1000000,-11.5,-0.8263383062648212,0.018881619816899214,-0.08894638308189062
1000000,-11,-0.7782962450605254,0.01714020733473152,-0.0907730042249398
1000000,-10.5,-0.7240457724846164,0.015645464015241663,-0.0931154588103802
1000000,-10,-0.6657061257091179,0.014368009919475844,-0.09568947485869633
1000000,-9.5,-0.606945234830456,0.013284949243319931,-0.09786424938425729
1000000,-9,-0.5512013240417338,0.012377723129160183,-0.09901052024404412
1000000,-8.5,-0.4994961375662932,0.011623995404439083,-0.09897648504723683
1000000,-8,-0.4502467904537765,0.010992190433929419,-0.09815887753223487
1000000,-7.5,-0.4012949196458648,0.010451419702161471,-0.09709848336654656
1000000,-7,-0.3514751229409971,0.00997664029107632,-0.09613633371256752
1000000,-6.5,-0.3006099128688047,0.009543614720031382,-0.0953818809881129
1000000,-6,-0.2489314597871946,0.009125946544715349,-0.09482701756665488
1000000,-5.5,-0.1966731859036149,0.0087003918366093,-0.09443410961243082
1000000,-5,-0.14376009520815317,0.008268495343132388,-0.09420280725810025
1000000,-4.5,-0.09064997016756027,0.007810738661028035,-0.09421783899757266
1000000,-4,-0.03933408840071244,0.007183818262834659,-0.0939555335145817
1000000,-3.5,0.011040063297478434,0.006520442598805962,-0.09307689209347121
1000000,-3,0.06348087914701733,0.006222957738545058,-0.09277377493119414
1000000,-2.5,0.11820451436248816,0.006182082538496038,-0.09292021457058072
1000000,-2,0.17393066348364594,0.006221996091183323,-0.0930807295605984
1000000,-1.5,0.22994275262307237,0.006293899874799269,-0.09316419799296857
1000000,-1,0.28603552981414176,0.006381103520173665,-0.09318588499673991
1000000,-0.5,0.3421653617423369,0.006473844843565361,-0.09317450052174944
1000000,0,0.39830594675091996,0.006567536855468508,-0.0931476297689784
1000000,0.5,0.45440098059966727,0.006661559091328106,-0.09310944226554622
1000000,1,0.5103549434372256,0.00675858968464474,-0.09305422129046521
1000000,1.5,0.5660416779454849,0.006864116095202046,-0.09296978757006887
1000000,2,0.6213252395310911,0.006985219824222989,-0.09284049091059698
1000000,2.5,0.6760841911725588,0.007128457537472374,-0.09264991448857468
1000000,3,0.7302189827354302,0.007297617105990631,-0.09238179149323728
1000000,3.5,0.783625027660761,0.007492940775069603,-0.09201768396783373
1000000,4,0.8361445188148249,0.0077136340870726395,-0.0915329350044746
1000000,4.5,0.8875468531192507,0.007964603282636101,-0.09089557169852173
1000000,5,0.937586215587285,0.008263737778315636,-0.09006907716779587
1000000,5.5,0.986079693200437,0.008637333056579329,-0.08900358626641741
1000000,6,1.0327453168946372,0.009106468506087158,-0.0875759782525768
1000000,6.5,1.0766570069988382,0.009691199324693528,-0.08549787382751366
1000000,7,1.1158754634379964,0.010410885566904032,-0.08243593841062678
1000000,7.5,1.148161285487938,0.011304456451088941,-0.07834103460788325
1000000,8,1.173267490162802,0.01248595250169185,-0.07344812587707135
1000000,8.5,1.1954125868848817,0.01387098579432643,-0.06832194430758921
1000000,9,1.2193995334228238,0.015166171500291547,-0.06360502928028584
1000000,9.5,1.2460310903053597,0.01631379452852076,-0.05941151916459692
1000000,10,1.2740018111869524,0.017439062254631685,-0.05561799050230256
1000000,10.5,1.3021069748880563,0.01866359572008247,-0.05215480742152519
1000000,11,1.3296263689819385,0.0200600565000179,-0.049021527229742026
1000000,11.5,1.3561379879302038,0.021665604434742514,-0.04622140191088278
1000000,12,1.3813831315380272,0.023499130567660693,-0.04372567205641754
1000000,12.5,1.405157941741959,0.02557234089958752,-0.04147714848457048
1000000,13,1.427249300044347,0.027899812624572896,-0.03941905786487473
1000000,13.5,1.4474604349180709,0.030507832310056646,-0.037530058078916
1000000,14,1.465656721530618,0.03343489606392707,-0.035831825977882384
1000000,14.5,1.4817589410436198,0.03671950176813816,-0.03435863348924175
1000000,15,1.4956980113097544,0.04038185875185329,-0.03311847741329423
1000000,15.5,1.5073909271402957,0.044414884284087325,-0.032085794900198424
1000000,16,1.5167669180469059,0.04879415920955654,-0.031233267519666895
1000000,16.5,1.5238165553081333,0.053499201573578965,-0.030571275520422304
1000000,17,1.5286188242940448,0.05852967908095582,-0.03016320468746259
1000000,17.5,1.531323773252647,0.06390908138729302,-0.03011362528038591
1000000,18,1.5320951573032846,0.06968125336012375,-0.03054477320425513
1000000,18.5,1.5310369541827291,0.07590845361350286,-0.031573511984198215
1000000,19,1.528146752138469,0.08267275200724881,-0.033290668915316055
1000000,19.5,1.523347635946767,0.0900709824794331,-0.035739798283059815
1000000,20,1.5166206652525747,0.09818047331967235,-0.03889518094876031
1000000,20.5,1.508182817145797,0.10696270250844798,-0.04264779386060284
1000000,21,1.498545713702829,0.11612535192435265,-0.04683133137423666
1000000,21.5,1.4882431903520992,0.12521587393122255,-0.051340399985085085
1000000,22,1.4773539960137465,0.13421033159237733,-0.05626841823100917
1000000,22.5,1.4655443927519118,0.14356419675085105,-0.061772405762417514
1000000,23,1.4526213501179481,0.1532891428786524,-0.06779971394542406
1000000,23.5,1.4385921203126055,0.16311924051453056,-0.07419286975275685
1000000,24,1.4234846369026954,0.17311150044067325,-0.08088421526687867
1000000,24.5,1.4074234030327308,0.1834703111776445,-0.08788755640544801
1000000,25,1.390903832506633,0.19424926039497026,-0.09523980545258837
1500000,-20,-0.7929749937357677,0.13525535482455514,-0.0362348772809216
1500000,-19.5,-0.8564297600684044,0.11773642039714191,-0.05022695580057236
1500000,-19,-0.990500445309507,0.0925232272804624,-0.06760879125889468
1500000,-18.5,-1.0581143715384744,0.06960041566135824,-0.07985836678650939
1500000,-18,-1.0805795436479082,0.05601213706188567,-0.08766538662432627
1500000,-17.5,-1.0917017759156187,0.04798961629232049,-0.09364431742410519
1500000,-17,-1.0918005905001082,0.041607656191334434,-0.09893332381069982
1500000,-16.5,-1.0781225306358837,0.03654525744076724,-0.10344830124152661
1500000,-16,-1.0528435106166047,0.032486687208362244,-0.10738064093140962
1500000,-15.5,-1.0209941061787362,0.02915443648872513,-0.1107213691960514
1500000,-15,-0.9877251487988387,0.02638650938902945,-0.11309744212690408
1500000,-14.5,-0.9566613948033307,0.0240792685881714,-0.11408374778270979
1500000,-14,-0.9290429155383089,0.02214051474655022,-0.11355651678023605
1500000,-13.5,-0.9039376265744776,0.0204860246504994,-0.1117675955678642
1500000,-13,-0.8793563401766085,0.01905522266708332,-0.10915814836577957
1500000,-12.5,-0.8532459660844888,0.017813154678146995,-0.10617891582129053
1500000,-12,-0.8239967970470143,0.016737269335612485,-0.10321489121861527
1500000,-11.5,-0.7907408942039456,0.015805970393763122,-0.10053743794552465
1500000,-11,-0.7534402413486218,0.014996244899554622,-0.09827274011447694
1500000,-10.5,-0.7126516379660404,0.014286657165871493,-0.09642592666589272
1500000,-10,-0.6691437664116054,0.01366029314272555,-0.0949417934206471
1500000,-9.5,-0.6236108201018717,0.0131041612904309,-0.09374855171737125
1500000,-9,-0.5765415347291157,0.012606698985068618,-0.09277232843533473
1500000,-8.5,-0.5282024360977132,0.01215726208595255,-0.09195335054663419
1500000,-8,-0.47871435635595866,0.011744569798808216,-0.09125674655339273
1500000,-7.5,-0.42818412445969256,0.011359620974099857,-0.09066849025559569
1500000,-7,-0.376802273654644,0.010994646456957113,-0.09018416521141343
1500000,-6.5,-0.32483456628120516,0.010639618168851542,-0.08979794421706438
1500000,-6,-0.27245726300103756,0.010292031165935772,-0.08950456507215401
1500000,-5.5,-0.21959029381230483,0.009966477928850786,-0.0893036496417666
1500000,-5,-0.16604196430770146,0.00968287940881915,-0.08919190605417911
1500000,-4.5,-0.11178757386972647,0.0094478904857101,-0.08915458260529929
1500000,-4,-0.05698160665007187,0.009253733608263133,-0.08916976244665735
1500000,-3.5,-0.0018096628977538332,0.009087600285629572,-0.08921596127610722
1500000,-3,0.05357062515564475,0.00893860372630224,-0.08927646183179411
1500000,-2.5,0.10899914774853978,0.008800532096172773,-0.08934305935741978
1500000,-2,0.16434474849549235,0.00867425090234481,-0.08942604835877324
1500000,-1.5,0.2195692639124091,0.008569124162468893,-0.08958058537534877
1500000,-1,0.2746647593830998,0.008490355246138188,-0.08983857420848085
1500000,-0.5,0.32958314489900015,0.008420587606163989,-0.09008053039055419
1500000,0,0.3842286652908658,0.008328842333723515,-0.09014839586299146
1500000,0.5,0.43851291675642656,0.008211842702179931,-0.08999664608307492
1500000,1,0.49248475002492176,0.008135056883054388,-0.08969200972283403
1500000,1.5,0.5462993410118361,0.008175276047984549,-0.08934568558402795
1500000,2,0.5998360996981741,0.00833339872843852,-0.0889379641508815
1500000,2.5,0.6526382336486102,0.008579846793213925,-0.08838933598920376
1500000,3,0.7040595180944189,0.008900249785338713,-0.0876417671568488
1500000,3.5,0.7533751068728216,0.009304774802118346,-0.08661698164855637
1500000,4,0.8000373046876575,0.009825234571935484,-0.08519293756667023
1500000,4.5,0.8443847393244659,0.01045696526544638,-0.08335515370885563
1500000,5,0.8877348728795231,0.011106597724109723,-0.08132084877133448
1500000,5.5,0.9309627311389113,0.011697156331345337,-0.07923867391302403
1500000,6,0.973853418503722,0.012236062883449632,-0.07711953504864234
1500000,6.5,1.0158522956145086,0.012762380486607102,-0.07493150289622469
1500000,7,1.0565199377095909,0.013309357307499077,-0.07262209858725327
1500000,7.5,1.0955791430886093,0.01389986557635325,-0.07014395575936391
1500000,8,1.1329330571404173,0.014548405276946424,-0.06748030593520235
1500000,8.5,1.1686702461376386,0.015264058580314018,-0.06465464434283781
1500000,9,1.202986179245029,0.016058078019962948,-0.06172205019738827
1500000,9.5,1.2360243523890233,0.016952268069002047,-0.05874815162807821
1500000,10,1.2677473170844062,0.017977909085500798,-0.05578955806871483
1500000,10.5,1.2979479544968313,0.01916964313025525,-0.052884071602331696
1500000,11,1.3263566649716494,0.02055836096719791,-0.05005228725451578
1500000,11.5,1.3527266026786202,0.022165015686355104,-0.04729885324566236
1500000,12,1.3768667299090813,0.024002244704176324,-0.04461255259668282
1500000,12.5,1.39865772884035,0.026082941649954932,-0.041984870091521555
1500000,13,1.4180764240562151,0.028431049062691297,-0.03944212689961846
1500000,13.5,1.4352119542811221,0.03108719037161668,-0.037059489198801254
1500000,14,1.4502305766568568,0.03410103753797117,-0.034933928216339324
1500000,14.5,1.4632770520641694,0.03751243327817184,-0.033132661347468374
1500000,15,1.4743700011228702,0.0413381514108214,-0.03166710073414395
1500000,15.5,1.4833730247229866,0.04557944624239367,-0.030520769640589883
1500000,16,1.4900729369362877,0.05024127201514545,-0.029700838650145292
1500000,16.5,1.4943331974656164,0.05533881519374407,-0.029262825599509323
1500000,17,1.4962397197111037,0.06088777319469331,-0.029287029272106697
1500000,17.5,1.4961421396516612,0.06689950492351188,-0.029824609701597827
1500000,18,1.4945798611148404,0.07337858773737982,-0.03087073795025023
1500000,18.5,1.4921287320272114,0.0802979182569869,-0.03240089312718816
1500000,19,1.4891784537949209,0.08755869275246862,-0.03441883860186776
1500000,19.5,1.4857629907118413,0.09494610426193786,-0.036959737878681155
1500000,20,1.4815551781472853,0.10214109407321414,-0.04007939262905337
1500000,20.5,1.4758870760779819,0.10902987718174743,-0.04389862646735973
1500000,21,1.467835072397563,0.11611357019248454,-0.048608615594848664
1500000,21.5,1.4567873847575583,0.1239708244192744,-0.05426758750403938
1500000,22,1.4429784842986448,0.13258791465768582,-0.060725752342309064
1500000,22.5,1.4273535327686813,0.1417633502894941,-0.06783103426286823
1500000,23,1.411251536956684,0.15137920007041503,-0.07551527457180142
1500000,23.5,1.3960930608267208,0.16130235644216,-0.08373583414090732
1500000,24,1.3829289414862587,0.171392869960588,-0.09240081226843244
1500000,24.5,1.3719300125008076,0.18164036672125577,-0.10131364840544445
1500000,25,1.362264035225754,0.19225176345561734,-0.11017722516181941
1500000,-20,-0.8022561004717704,0.13750615056106766,-0.03470575857558264
1500000,-19.5,-0.8485506848479534,0.12267260734779992,-0.04497602370285201
1500000,-19,-0.9692108272093647,0.09925828211693695,-0.06078957916773366
1500000,-18.5,-1.0623092617685588,0.07522369164682584,-0.0724329486783648
1500000,-18,-1.1023624195025994,0.05917976456477404,-0.07923367977513228
1500000,-17.5,-1.126541779925655,0.05038263255492525,-0.08315727465805721
1500000,-17,-1.1407914303344504,0.043793205560427886,-0.08590341535817879
1500000,-16.5,-1.1426537731260713,0.038546916096829364,-0.08773843269337946
1500000,-16,-1.1320393352375244,0.034277407097895576,-0.0891374273369891
1500000,-15.5,-1.1111378002625742,0.03068157091188736,-0.09061189660090246
1500000,-15,-1.0823978273706139,0.02757888486410429,-0.0924039051795294
1500000,-14.5,-1.0476901774087048,0.024872962689907886,-0.09451789105756872
1500000,-14,-1.008404741032451,0.022507248669537794,-0.09682395020641853
1500000,-13.5,-0.965663366183908,0.020445221139846953,-0.09912472493236922
1500000,-13,-0.9205050067702129,0.01866584449177725,-0.10117726253869541
1500000,-12.5,-0.8741695491882691,0.017159514896156844,-0.10268027424488746
1500000,-12,-0.8282234910844672,0.015916207940375692,-0.10329972982011659
1500000,-11.5,-0.7839109311958332,0.014909292264637868,-0.10284698430585525
1500000,-11,-0.7411131566802169,0.014088767925333185,-0.10150186299250132
1500000,-10.5,-0.6984676725361743,0.01339491988856504,-0.09974356828332295
1500000,-10,-0.6546363690553778,0.012780446305795654,-0.09802378464135611
1500000,-9.5,-0.609090384093301,0.01221891743062293,-0.09656547969252706
1500000,-9,-0.5619536354295906,0.011697821122834467,-0.09539368374642125
1500000,-8.5,-0.5135958000311457,0.01120808114929921,-0.09445233849818852
1500000,-8,-0.4644037292392843,0.010736762736405085,-0.09367996776075795
1500000,-7.5,-0.4146565574997164,0.01027836925784492,-0.09303701961458484
1500000,-7,-0.3643834995311718,0.009844680431184668,-0.09251007353454348
1500000,-6.5,-0.31339233487371687,0.009454666847669851,-0.09209595741141256
1500000,-6,-0.26152083234550183,0.0091189673212305,-0.09178543784027722
1500000,-5.5,-0.20878481666576135,0.00883339365882514,-0.09156032750536203
1500000,-5,-0.1553067339174975,0.008583011093090525,-0.09140025978534506
1500000,-4.5,-0.10122970832170777,0.00834826843955993,-0.09128768912025263
1500000,-4,-0.04673072407159714,0.008109721692956559,-0.0912086015490329
1500000,-3.5,0.008014958290607152,0.00785697276582084,-0.09118700022809478
1500000,-3,0.06293243492153403,0.0075974976094540965,-0.09136318234732907
1500000,-2.5,0.117867112971027,0.007316038710290298,-0.09167602542361183
1500000,-2,0.172462549098251,0.006958957366567801,-0.0917614696408476
1500000,-1.5,0.22678366100149133,0.006574729549543472,-0.09157039207661823
1500000,-1,0.2816613508046451,0.00635055304495168,-0.09156113184732102
1500000,-0.5,0.33756382352945047,0.006310474678018745,-0.09180275940610466
1500000,0,0.39408897511843943,0.006367334780795786,-0.09207208225128134
1500000,0.5,0.45069021184078306,0.006471046625841411,-0.0922748419400526
1500000,1,0.5069944715893168,0.006603259118922119,-0.0923933038074418
1500000,1.5,0.562767750151234,0.006759310619596623,-0.09242553005477468
1500000,2,0.6178560617364123,0.0069421252525013796,-0.09236834111997237
1500000,2.5,0.6721642395079028,0.0071585264279683675,-0.09221344345250264
1500000,3,0.7256184915911101,0.007416289773537312,-0.09193287475190086
1500000,3.5,0.7780520290977335,0.0077263370448402155,-0.09144142608418203
1500000,4,0.8290251113345912,0.008106501501700782,-0.09057924336007436
1500000,4.5,0.8776842785687267,0.00857381946960957,-0.08920237981735246
1500000,5,0.9228678132931658,0.00914258761163689,-0.08731429518789419
1500000,5.5,0.9638234693605641,0.009858606416563196,-0.08497626137929337
1500000,6,1.001767319049391,0.010719903560249443,-0.0822449171009864
1500000,6.5,1.0393683917345777,0.011567713001016422,-0.07939766858131328
1500000,7,1.0775868068295924,0.012304821410897138,-0.07662322682646457
1500000,7.5,1.1157768668661547,0.012971218353415264,-0.07386727318182248
1500000,8,1.1531890260932305,0.01362666144676748,-0.07105787937725637
1500000,8.5,1.1894379906270092,0.014309061389941972,-0.06815331974915022
1500000,9,1.2244291517211918,0.015044243450465402,-0.06514475232397528
1500000,9.5,1.258206167426696,0.015855614500428165,-0.06205129649557866
1500000,10,1.2908103120166095,0.016764095572383352,-0.05890796900973376
1500000,10.5,1.322216212047055,0.017790725837989338,-0.05575709955570361
1500000,11,1.3523381407103656,0.018957289669623026,-0.052652153185307915
1500000,11.5,1.3810621146186337,0.020281578943825478,-0.04965774017343064
1500000,12,1.4082833830307409,0.02177235428341802,-0.04683675730107656
1500000,12.5,1.433870541761227,0.023435406191169735,-0.04421845955327692
1500000,13,1.4575460713431798,0.025297829149332204,-0.04176802643806541
1500000,13.5,1.4789282664879504,0.02742005219749024,-0.03943892793677089
1500000,14,1.4977274570385903,0.029880943701535614,-0.03726092133831675
1500000,14.5,1.5138116544519298,0.03276095409681134,-0.035332064338828253
1500000,15,1.5271323742564702,0.03612429318718891,-0.03373363365581476
1500000,15.5,1.5376277125711915,0.03999810358896776,-0.03246735885858621
1500000,16,1.5451759550242272,0.0443735050011714,-0.031478695088313836
1500000,16.5,1.549634911491621,0.0492403388948354,-0.03074049018120742
1500000,17,1.5509442332253007,0.05462437449447236,-0.03030676715520608
1500000,17.5,1.5492420914374185,0.06058817966179522,-0.030290480480864565
1500000,18,1.544934994606163,0.06719233764916002,-0.0308014366494383
1500000,18.5,1.5386411890955285,0.07444606399936708,-0.03190411739707911
1500000,19,1.53096976984608,0.0822780258711704,-0.033622166524952674
1500000,19.5,1.522231297590511,0.09052911826100679,-0.035971697900631074
1500000,20,1.5122678591936811,0.09896404007067355,-0.03899741369960214
1500000,20.5,1.5004563975142193,0.10743258440504033,-0.0428280970915181
1500000,21,1.4858793136354753,0.11620741885578059,-0.04771026719463126
1500000,21.5,1.4680366059983876,0.12564305550297483,-0.05381704481679407
1500000,22,1.4478064558771617,0.13550144788120635,-0.061076252365225236
1500000,22.5,1.4274645433041466,0.1454178347699491,-0.0693314248281207
1500000,23,1.4095755308874174,0.15519705234751596,-0.07838037280406715
1500000,23.5,1.3953485097345044,0.16477537251215302,-0.08789285324358856
1500000,24,1.383816060245679,0.17438219626209095,-0.0974363536155732
1500000,24.5,1.372613388461625,0.18455865061545315,-0.1065854520784796
1500000,25,1.3595987735745418,0.19590831388457858,-0.11504329117794297
1500000,-20,-0.7573356223189619,0.14494649776000734,-0.03552116418348681
1500000,-19.5,-0.7804081726158921,0.13181138812373885,-0.040790135207675327
1500000,-19,-0.8062781125524573,0.11914118928284533,-0.04639680591563762
1500000,-18.5,-0.8546708871764709,0.10454490831694532,-0.056501896229813296
1500000,-18,-0.9364000181904989,0.08650779527392531,-0.06686265381884512
1500000,-17.5,-0.9954921331847228,0.0694712015710393,-0.07364661453901833
1500000,-17,-1.0340127018307448,0.05684072056956883,-0.07790221590857561
1500000,-16.5,-1.0617555082126109,0.0482171203526143,-0.08054026841367296
1500000,-16,-1.0785311125219343,0.04174406162303951,-0.08216002659106056
1500000,-15.5,-1.0824571755875938,0.03665087481726656,-0.08307313166300138
1500000,-15,-1.0739464007969324,0.03248034412919528,-0.08380992781820844
1500000,-14.5,-1.0551565567766956,0.028938863682178663,-0.08481515219030895
1500000,-14,-1.0285374869450796,0.025874889139110208,-0.08618123955946493
1500000,-13.5,-0.9961935258831212,0.023209859807686663,-0.08773725348382692
1500000,-13,-0.9594876958893893,0.020892167263445085,-0.08928320258869374
1500000,-12.5,-0.9186628718115004,0.01888377311571298,-0.09078621565417005
1500000,-12,-0.8730284187594594,0.017155007507357035,-0.09241037868169241
1500000,-11.5,-0.8220038536205039,0.015678415234574482,-0.09433668577877118
1500000,-11,-0.7663911273434723,0.014427580284746265,-0.09649672578027818
1500000,-10.5,-0.7088360952833228,0.013379235098532382,-0.09845339922416384
1500000,-10,-0.6528275080406452,0.012508638903494273,-0.09960462248350625
1500000,-9.5,-0.6006009633122938,0.01177853226680978,-0.09963347036039509
1500000,-9,-0.5518376845558286,0.011141816254633166,-0.0987646968033502
1500000,-8.5,-0.5045282618900249,0.010562669669618401,-0.09753048031414999
1500000,-8,-0.45670849776928,0.010027069086843976,-0.09636961757814402
1500000,-7.5,-0.4073942241055427,0.009538513555133191,-0.09547428950728247
1500000,-7,-0.35651621648881404,0.009101503874165695,-0.09485778548571747
1500000,-6.5,-0.3044411136718159,0.008709938906524018,-0.09445613843963746
1500000,-6,-0.2516012502555428,0.00834810178081073,-0.09419298135069624
1500000,-5.5,-0.19836178232635057,0.007994269462288147,-0.09400922636102606
1500000,-5,-0.14490324822251743,0.007632585872841499,-0.09386825732319252
1500000,-4.5,-0.09106694187772074,0.007272106616307036,-0.09384092914051093
1500000,-4,-0.03752603479704372,0.006873406227585884,-0.09396870340924218
1500000,-3.5,0.014368035231475756,0.006325945012612878,-0.09368787290531169
1500000,-3,0.06597790065534778,0.005811692146915397,-0.09305436578108858
1500000,-2.5,0.11957992537550555,0.0056034068743698465,-0.09301926252968924
1500000,-2,0.1751284070516052,0.005581923413333044,-0.09326990220840212
1500000,-1.5,0.23160984573090848,0.005626531795320025,-0.09349789903004302
1500000,-1,0.2884426145241126,0.005696995721658668,-0.09366418957379913
1500000,-0.5,0.34538456568236103,0.005776619822963885,-0.09378972379335165
1500000,0,0.4023078325764936,0.005858880462005615,-0.09389357517344964
1500000,0.5,0.45911032208981906,0.0059444706584106015,-0.09398229160958661
1500000,1,0.5156929295506978,0.006038161875045233,-0.0940521540900338
1500000,1.5,0.5719621182044827,0.006145935429896203,-0.09409416181962436
1500000,2,0.6278334716181913,0.006272670743382674,-0.09409756892156046
1500000,2.5,0.6832173158411681,0.006420878208452931,-0.09405012112643973
1500000,3,0.7379831979353426,0.006591556640757333,-0.09393485931132305
1500000,3.5,0.7919283073684071,0.006787912721806711,-0.09372576165775084
1500000,4,0.8447985528655901,0.007020581834774456,-0.09338678093095058
1500000,4.5,0.8963888800730153,0.0073082081018891595,-0.09287571769471178
1500000,5,0.9466134620574973,0.007667651003227294,-0.09213498400443391
1500000,5.5,0.9952885004841738,0.00810951831037014,-0.09103104265121334
1500000,6,1.0416360343818938,0.008648952725851493,-0.0893148065898568
1500000,6.5,1.0840486077576819,0.00929881704517874,-0.08678697944669767
1500000,7,1.1206783084478174,0.010096895223254854,-0.0834490868461113
1500000,7.5,1.1513383457882513,0.01113727572798702,-0.07942874317792556
1500000,8,1.1796269046079462,0.012305507765749131,-0.07516369520140301
1500000,8.5,1.2090926592371656,0.013358665040155818,-0.0711106231000591
1500000,9,1.2399862084489373,0.014272356504622368,-0.0672922131825104
1500000,9.5,1.2713580426965028,0.015129987138094294,-0.06363313414998596
1500000,10,1.3025700509650378,0.01599813955424792,-0.06010228519516069
1500000,10.5,1.333257478065333,0.016936101486531102,-0.056689790344631265
1500000,11,1.3631646765783234,0.018004683828931285,-0.05342431107388058
1500000,11.5,1.3921327877656613,0.01925009424821615,-0.05037907875157339
1500000,12,1.4200094109779173,0.020699347077496186,-0.04760845909324851
1500000,12.5,1.446603707697059,0.02236724551577954,-0.04510910579927109
1500000,13,1.471695997815871,0.02426331746000855,-0.04283315462585261
1500000,13.5,1.495031163540411,0.026398986100468706,-0.040721542084217466
1500000,14,1.5163469122817361,0.028797419264351497,-0.03874503298327334
1500000,14.5,1.5354417211242808,0.0315002686352736,-0.03692942562386108
1500000,15,1.5522047894720858,0.03455995412355218,-0.03533399813255693
1500000,15.5,1.566570941620343,0.038015590954498454,-0.03399316578088892
1500000,16,1.578455049267701,0.04187092661214298,-0.03288011469525132
1500000,16.5,1.5877391512310068,0.046098367244099964,-0.03193609751040802
1500000,17,1.5943132892426606,0.05066949764322343,-0.031137318004696414
1500000,17.5,1.5981190237584695,0.05558760118006507,-0.030539607493445843
1500000,18,1.5991676572091214,0.06090123829135403,-0.03027751884912076
1500000,18.5,1.5975403100674672,0.06669618279279749,-0.030530469535203136
1500000,19,1.5933767449564533,0.07307362746927705,-0.03147269154235866
1500000,19.5,1.5868435064947477,0.08012632118333679,-0.033222974806079573
1500000,20,1.5780903694182489,0.08791975540387974,-0.035813490357386686
1500000,20.5,1.5672664136921524,0.09645200456592877,-0.03918285538297896
1500000,21,1.554636948840691,0.10553943387707866,-0.0431903491011413
1500000,21.5,1.5405641119766518,0.11479771175975373,-0.04771152963085808
1500000,22,1.5250719219597355,0.12420194707181624,-0.052836289718017695
1500000,22.5,1.507787619031191,0.13419082823621745,-0.05875019971751199
1500000,23,1.4887315240448025,0.14446391131701022,-0.06532718141023175
1500000,23.5,1.4684868693113562,0.15460621596614707,-0.07234661861290265
1500000,24,1.448178182776934,0.164760424512471,-0.07976397867244703
1500000,24.5,1.42960522365776,0.1749554099548854,-0.08762304322658182
1500000,25,1.4148945816075238,0.1848494074775471,-0.09597689308536514
2000000,-20,-0.8701671161054237,0.12121697840112518,-0.04715364446059635
2000000,-19.5,-1.0141888352091166,0.09467002612301878,-0.06629376219655349
2000000,-19,-1.0961832285919446,0.07017131466311399,-0.0799287539358009
2000000,-18.5,-1.1204271251988667,0.05587381343395253,-0.08838313362143661
2000000,-18,-1.1306748364179264,0.047917044120009036,-0.09465567744140133
2000000,-17.5,-1.1304965620755767,0.041601071550658134,-0.10020373569746308
2000000,-17,-1.117316869948258,0.036555610313487016,-0.10490037270608102
2000000,-16.5,-1.093026040173005,0.03249932324569471,-0.10887648993369382
2000000,-16,-1.062522575611549,0.029162826627646896,-0.11213580616188416
2000000,-15.5,-1.03080206899157,0.026383617314761534,-0.11436590863258701
2000000,-15,-1.0011399459628034,0.024056002002327312,-0.11523730681675058
2000000,-14.5,-0.9744544185789892,0.022088215800584576,-0.114704160643202
2000000,-14,-0.9498368834007305,0.02040105067159915,-0.11301382658261759
2000000,-13.5,-0.9256473802253795,0.018940131883290783,-0.11052624343428376
2000000,-13,-0.9001983801420841,0.01767413664652344,-0.10760122302207907
2000000,-12.5,-0.8719951479779129,0.016581248518616146,-0.10458408421420357
2000000,-12,-0.8400109022252742,0.01563887915632513,-0.10176866698694777
2000000,-11.5,-0.8039512885647322,0.014822071157754222,-0.0993310583831051
2000000,-11,-0.7641911029489176,0.01410672191310367,-0.09731518433424391
2000000,-10.5,-0.7214339335573252,0.01347300009342312,-0.09568273759156073
2000000,-10,-0.6763920802322599,0.012906899954812595,-0.09437238486016511
2000000,-9.5,-0.6296304620562799,0.012398674339574712,-0.09332561935128683
2000000,-9,-0.5815242185201883,0.011939656217810212,-0.09248387430388502
2000000,-8.5,-0.5322688888315787,0.011521716421397226,-0.09179556593199496
2000000,-8,-0.48194377630326957,0.01113617793108523,-0.09122690134026248
2000000,-7.5,-0.4306140279516564,0.01077741306928442,-0.09076122411543688
2000000,-7,-0.37841282569820117,0.010442272384785746,-0.09039149122422109
2000000,-6.5,-0.32558067876116664,0.010122650514102532,-0.09010861052601646
2000000,-6,-0.2723947597959989,0.00980965161059907,-0.0899014062172112
2000000,-5.5,-0.2189430174523726,0.00950783942412413,-0.0897651705317237
2000000,-5,-0.16504605738645817,0.00923683588602773,-0.08970132171164226
2000000,-4.5,-0.1105415788534733,0.009011466161551972,-0.08970478200061405
2000000,-4,-0.05548646114851353,0.008829823061896655,-0.0897600673923967
2000000,-3.5,-0.000052142938825702756,0.00868040554227441,-0.08984859775662003
2000000,-3,0.05560047420814993,0.00855169697604164,-0.08995390335476157
2000000,-2.5,0.11132220914449238,0.008436050397952909,-0.09006488413096794
2000000,-2,0.16696952345979313,0.008330650423702783,-0.09018009476367253
2000000,-1.5,0.22248899001386735,0.008239905112419014,-0.09032579670172577
2000000,-1,0.27791038120019657,0.008173080203304673,-0.09056350330102308
2000000,-0.5,0.33323567785502867,0.008128479120449048,-0.0908703933178531
2000000,0,0.3884045327487212,0.008085074700800134,-0.0910863819921858
2000000,0.5,0.4433044507192022,0.00802078832034396,-0.0910778260963378
2000000,1,0.49778249747476255,0.007949792054895719,-0.09082769448663873
2000000,1.5,0.5517735139086786,0.007941731761887037,-0.09042376022045714
2000000,2,0.6052184558854201,0.008050474589054514,-0.08997129448201305
2000000,2.5,0.6577747505811671,0.008268423975313268,-0.0894441469994067
2000000,3,0.7088489485977998,0.008582260220164289,-0.08873366489086673
2000000,3.5,0.7578113993233715,0.009005856485662263,-0.08769578522373504
2000000,4,0.8045578030109586,0.009548921240218932,-0.08624960138237918
2000000,4.5,0.850035984809122,0.010145640584955082,-0.08455402614926302
2000000,5,0.8953360078438612,0.010702940662957265,-0.0827909713424418
2000000,5.5,0.9404906308094285,0.011201967437670737,-0.08098583309677077
2000000,6,0.9849205595153343,0.011674380807902918,-0.07910815141831441
2000000,6.5,1.028093955543218,0.012154103143086802,-0.07710307603483199
2000000,7,1.0696363640969695,0.01266487761072318,-0.07490665564585325
2000000,7.5,1.1093430176211705,0.013220896906381065,-0.07247375464716088
2000000,8,1.147213121366555,0.013829242744419133,-0.06980017338699922
2000000,8.5,1.183414931543545,0.014495903923774842,-0.06692765927603327
2000000,9,1.218162535748402,0.015234656373605706,-0.06392721946216322
2000000,9.5,1.2515768708337052,0.016070074867451784,-0.06087155426668965
2000000,10,1.2836236006120085,0.01703097839317807,-0.05781667951229794
2000000,10.5,1.3141611333913756,0.01814539467884382,-0.054800360655434394
2000000,11,1.3430226623909927,0.019437037822692984,-0.05185122475644013
2000000,11.5,1.370056106924635,0.0209227224159643,-0.048987523631619914
2000000,12,1.3951267584653286,0.02261418387535264,-0.046208093574802656
2000000,12.5,1.4181170222878565,0.02452286895079901,-0.043499947842968734
2000000,13,1.4389452071651974,0.026667473516749595,-0.0408649449677213
2000000,13.5,1.457597007522765,0.029081669875381376,-0.03834520395788254
2000000,14,1.474137186121972,0.03181441390579749,-0.036021578148084855
2000000,14.5,1.4886694341322553,0.03491720862139865,-0.03397706582314223
2000000,15,1.501254832982424,0.038424862669936444,-0.03225311828070052
2000000,15.5,1.5118478527549377,0.042347711801458125,-0.03084318481204299
2000000,16,1.5203008879701176,0.04668513318662467,-0.029731170241184785
2000000,16.5,1.5264397036972506,0.05144582703423365,-0.028934839662723342
2000000,17,1.5301849511795078,0.05665107337363955,-0.028518987931555512
2000000,17.5,1.5316718897909887,0.06231857678219205,-0.02857628241342251
2000000,18,1.531280766416248,0.06845163690123399,-0.02918608472280243
2000000,18.5,1.529528374263753,0.07504613832479906,-0.030378262174079348
2000000,19,1.5268825242123096,0.08208381942432234,-0.0321421919052999
2000000,19.5,1.5235916264901423,0.08947780912497794,-0.034462901342129044
2000000,20,1.5196165511001012,0.09697075777301452,-0.037329333298755554
2000000,20.5,1.5146387285056795,0.10413186836055847,-0.040748973333782725
2000000,21,1.5079253379664315,0.11086219082601648,-0.044848562390776656
2000000,21.5,1.4983449781194202,0.11790407490909459,-0.049865384366502646
2000000,22,1.485150777496988,0.12589133814010206,-0.05585084060573038
2000000,22.5,1.4685611691944938,0.1347295663433493,-0.06266181466634069
2000000,23,1.449656374928453,0.14424231010366315,-0.07022079104468103
2000000,23.5,1.4302279412373513,0.15429859671120072,-0.0785305449581495
2000000,24,1.4123361344226197,0.16466141710498286,-0.08754267063686447
2000000,24.5,1.3973328007676091,0.17510810413672395,-0.0970350769643437
2000000,25,1.385031433623361,0.18566770349538228,-0.10658312411037697
2000000,-20,-0.8785349100966857,0.125712217302323,-0.04246689702966748
2000000,-19.5,-1.0197596489152705,0.09901708742711916,-0.06044223217946791
2000000,-19,-1.1193044930850857,0.07283627545915362,-0.0730716385348631
2000000,-18.5,-1.1585010624449867,0.057596657208834355,-0.07990341449976948
2000000,-18,-1.1806636018062115,0.04934866935763135,-0.08387031997705074
2000000,-17.5,-1.192710286764172,0.043046888127454754,-0.08666496019589309
2000000,-17,-1.1926577743652,0.03798160916294477,-0.08854145608780442
2000000,-16.5,-1.1806758583545442,0.03381662153562354,-0.09000250176457324
2000000,-16,-1.158892100562293,0.03027640394017716,-0.09155820993104298
2000000,-15.5,-1.1295420213201102,0.02720371692175027,-0.09344669546222557
2000000,-15,-1.0943001220162432,0.024517560644063165,-0.09567912966323928
2000000,-14.5,-1.0544708450545157,0.02216968990033738,-0.09813101202214032
2000000,-14,-1.0112723426280512,0.020126946249370038,-0.10058455290887285
2000000,-13.5,-0.9660340056243811,0.01836933048815619,-0.10273459785032708
2000000,-13,-0.9203320431194082,0.01688754472224686,-0.104200066288086
2000000,-12.5,-0.8758115125782591,0.01567071483247593,-0.1046179619464216
2000000,-12,-0.8333517662543612,0.014689374265487993,-0.1038694411253651
2000000,-11.5,-0.7922626454071677,0.013889908896847306,-0.10225362214485981
2000000,-11,-0.7508338430325532,0.013210298840846442,-0.10031969829501915
2000000,-10.5,-0.7077092869974684,0.012602958521495823,-0.09851425663023723
2000000,-10,-0.6624844052962213,0.012044326828659324,-0.09703098965007799
2000000,-9.5,-0.6154057779981907,0.01152803161207686,-0.09587733762875594
2000000,-9,-0.5669184583240607,0.011052695540524952,-0.09497598706621148
2000000,-8.5,-0.517422083400362,0.010614193801303766,-0.09424140894835988
2000000,-8,-0.46724344338670365,0.010199923759527788,-0.09361443767927327
2000000,-7.5,-0.41666354041207,0.009797477160920201,-0.09306634527399127
2000000,-7,-0.3657972211198231,0.00940704337312427,-0.0925963145515816
2000000,-6.5,-0.31445762935617216,0.00904181003009004,-0.09221829114849085
2000000,-6,-0.26231794941849523,0.008717660340544078,-0.091943902738164
2000000,-5.5,-0.2092170098439661,0.008439047306188122,-0.0917701560949327
2000000,-5,-0.15522213749404815,0.00819690408414338,-0.09168103826260852
2000000,-4.5,-0.10050475723805624,0.007975422239902946,-0.09165533678773809
2000000,-4,-0.04527696572150195,0.007757818411722907,-0.09167087510808114
2000000,-3.5,0.010215915327374828,0.007530984420642421,-0.0917115195450217
2000000,-3,0.06581895237963417,0.007296782559739591,-0.09184137752973821
2000000,-2.5,0.12148563038880444,0.007067562390397764,-0.0921852012742335
2000000,-2,0.17702035030351185,0.006817341397613459,-0.09254312736340964
2000000,-1.5,0.23213427547776136,0.006505212177657691,-0.0926200706373031
2000000,-1,0.2869465952989848,0.006204544306398043,-0.09252547755130684
2000000,-0.5,0.3422024279155266,0.006061570719169846,-0.09264596237134615
2000000,0,0.3981779674947493,0.006064583678213107,-0.09292570528567246
2000000,0.5,0.4544601109082996,0.006145727979476666,-0.09317930419314407
2000000,1,0.5105779318608128,0.00627212860973187,-0.09334232947227775
2000000,1.5,0.5662342063466738,0.006434193037252177,-0.09340678956660377
2000000,2,0.6212845769668127,0.006630584642234738,-0.09337523101749952
2000000,2.5,0.6756584094838215,0.006862841024040863,-0.09323217139192437
2000000,3,0.7292350953028008,0.007137448956398287,-0.09290851246712242
2000000,3.5,0.781683009668912,0.007468991078866032,-0.09227438391358234
2000000,4,0.8323214437969546,0.00787374584762614,-0.09121662250368623
2000000,4.5,0.8801539369563023,0.008364506638002986,-0.08973432510419024
2000000,5,0.9243331158634136,0.008978530449415193,-0.08786398159342221
2000000,5.5,0.9654580087734173,0.00973720709566564,-0.08561218907076028
2000000,6,1.0059190561773077,0.010513098959814686,-0.08319902809129764
2000000,6.5,1.046989839133157,0.011185827102169735,-0.08084977303923169
2000000,7,1.0881338228145916,0.011775344989592791,-0.0785136539405623
2000000,7.5,1.1284871745803136,0.012340373868056045,-0.07609694578548659
2000000,8,1.1675196022430343,0.012920826651000257,-0.07353479556207393
2000000,8.5,1.2050244374798238,0.013539499060401892,-0.07079642897409345
2000000,9,1.241015827448848,0.01421381837133758,-0.06788382549132903
2000000,9.5,1.2756042478535723,0.014960460788209558,-0.0648201886082713
2000000,10,1.308878721894545,0.015795019396442306,-0.06164031209312844
2000000,10.5,1.3408510308024257,0.01673747066721501,-0.05839164327084885
2000000,11,1.371438984565311,0.017814822080494834,-0.05514090556688798
2000000,11.5,1.4004616928890052,0.01905863235226641,-0.05196170275641373
2000000,12,1.4276706824789542,0.020497235082551205,-0.048912194979262476
2000000,12.5,1.45282888465136,0.022144293261298232,-0.04602724861570617
2000000,13,1.475750971964824,0.02400159935067552,-0.04331630440368552
2000000,13.5,1.4962243615760786,0.026091604019013764,-0.04075807933135692
2000000,14,1.5140146775161802,0.02848485708162085,-0.03834622918105635
2000000,14.5,1.5290319971943025,0.0312808779019737,-0.03615411476731411
2000000,15,1.5413525356803062,0.0345648023084265,-0.03428960330206509
2000000,15.5,1.5510649424942309,0.03837378166664211,-0.03279299196804159
2000000,16,1.5581570849964992,0.042696421187475526,-0.031626161095573535
2000000,16.5,1.5625286348879324,0.04751176960602661,-0.03075520003265809
2000000,17,1.5640863597819172,0.05283226696505422,-0.030211453597606575
2000000,17.5,1.5628601115597553,0.058709623435541876,-0.030074074831087535
2000000,18,1.559079919844819,0.0652044094467076,-0.030420356278964736
2000000,18.5,1.553160887777016,0.07234677754424494,-0.03130133387963921
2000000,19,1.5455715126309244,0.08010794149405476,-0.03275207871822135
2000000,19.5,1.5366092383951095,0.08838692317712517,-0.034816620610910516
2000000,20,1.526186889462646,0.09701600049560272,-0.03757203786985071
2000000,20.5,1.513764326974034,0.1058452100399521,-0.04115984884155115
2000000,21,1.4985078009693522,0.11496640955720831,-0.04581269787965355
2000000,21.5,1.47987991399907,0.12463123327104218,-0.051744758271887153
2000000,22,1.4585623874895282,0.13471063432173588,-0.058968326819722014
2000000,22.5,1.436721397722128,0.1448496835953065,-0.06735296432312475
2000000,23,1.4170978438394262,0.154818992368779,-0.07668887619288114
2000000,23.5,1.4013688580959378,0.1645140302180573,-0.08661374145025148
2000000,24,1.3890633380915378,0.17408803872768516,-0.0966162101492537
2000000,24.5,1.3780504208509154,0.18401394142444572,-0.10615773508885915
2000000,25,1.3660931430322136,0.19487403997908115,-0.1148443112416437
2000000,-20,-0.807352614066519,0.13537098503489223,-0.036131425758761826
2000000,-19.5,-0.8371543916082036,0.12272897379560033,-0.042435869151483195
2000000,-19,-0.9073403311564335,0.10579725547880117,-0.05549872356233632
2000000,-18.5,-1.0126947240176232,0.08346498838757183,-0.06803135865105693
2000000,-18,-1.076648687860967,0.064438283309111,-0.07569901910338556
2000000,-17.5,-1.1131435471146287,0.052889958261685195,-0.07990553385264863
2000000,-17,-1.1363981787101447,0.04526691778866846,-0.08235751780109536
2000000,-16.5,-1.147454390679409,0.03948198823824091,-0.08372398966841281
2000000,-16,-1.1458579794806907,0.03485516213173815,-0.08445883698831343
2000000,-15.5,-1.1329490023131772,0.030995920818070604,-0.08515023910659361
2000000,-15,-1.1108829703728471,0.027682201771076866,-0.08617922231535735
2000000,-14.5,-1.0817005466582166,0.024803835764392677,-0.08760066753294375
2000000,-14,-1.0471384002325115,0.022297616471295013,-0.08925702454667443
2000000,-13.5,-1.0084346134514908,0.020117414383440408,-0.09095307492016974
2000000,-13,-0.9660028053402199,0.01822859195075588,-0.09260755834576098
2000000,-12.5,-0.9194794399236162,0.016604264560708216,-0.0942994852133033
2000000,-12,-0.8685168126997926,0.015219465093231552,-0.09614081113034856
2000000,-11.5,-0.813905527104223,0.014050033180557534,-0.09804387278613756
2000000,-11,-0.757997729117692,0.013074251516910189,-0.09961012281547015
2000000,-10.5,-0.7036886733886343,0.012268677116613598,-0.10033749722534449
2000000,-10,-0.6525360621116467,0.011599126233859358,-0.10003753346450371
2000000,-9.5,-0.6039917993092057,0.011019359304999256,-0.09899922617276129
2000000,-9,-0.5565160990938995,0.010484381709556229,-0.09770568416069601
2000000,-8.5,-0.5088269921216512,0.009968031661608158,-0.09651609298466475
2000000,-8,-0.4601416998992374,0.009467386566696257,-0.09558753197003592
2000000,-7.5,-0.41006333067760276,0.00899904802861359,-0.09494046176181524
2000000,-7,-0.3585749993479058,0.008580010210498893,-0.09453055540325321
2000000,-6.5,-0.3059580566916965,0.008211890460705647,-0.09428710290155416
2000000,-6,-0.25260053778866176,0.007883619829159845,-0.0941389752001017
2000000,-5.5,-0.19886516842647034,0.007576343571005473,-0.09403168850905044
2000000,-5,-0.1450337865130588,0.007268603189348772,-0.09393146402282371
2000000,-4.5,-0.09107021670222638,0.006954330071028874,-0.09384827580079448
2000000,-4,-0.036844606974646546,0.0066405449866388895,-0.09394846974021605
2000000,-3.5,0.01666818211129964,0.0062513748362977494,-0.09404440546512155
2000000,-3,0.06903964749947875,0.005746206057438303,-0.09364540507709997
2000000,-2.5,0.12205483080026858,0.005379088522893724,-0.09333240217690415
2000000,-2,0.17712768468075316,0.005262520059455666,-0.09355621571884094
2000000,-1.5,0.2337187235086449,0.005265290546889633,-0.09389333576353823
2000000,-1,0.29096752272284543,0.005313640859070222,-0.09418107222746092
2000000,-0.5,0.3484105041686894,0.005381632678862361,-0.094415175964794
2000000,0,0.40582092604380027,0.005459268483961364,-0.09461259333833132
2000000,0.5,0.46306221063311603,0.0055451976461474714,-0.09478270404725106
2000000,1,0.5200340380968212,0.005642548211463019,-0.09492564510311698
2000000,1.5,0.576652463303334,0.005755185844807359,-0.09503562956707458
2000000,2,0.6328277858541496,0.00588570974525956,-0.09510309386319271
2000000,2.5,0.6884312016632155,0.006036056803541666,-0.09511359381024719
2000000,3,0.7432705813424052,0.006210712821387145,-0.0950447374454853
2000000,3.5,0.7971176293723399,0.006420555523944741,-0.09486535936332834
2000000,4,0.8498086532618632,0.0066818117537253315,-0.0945395481476673
2000000,4.5,0.901319684418509,0.007006838241820313,-0.09402005925501959
2000000,5,0.9515893789445369,0.007401725485538394,-0.09319678779320077
2000000,5.5,1.000087637495549,0.007878440280993658,-0.09186711268640473
2000000,6,1.0455551279934774,0.008449690549354178,-0.0898696613019539
2000000,6.5,1.0863387006583336,0.00913903602207459,-0.08719273035662996
2000000,7,1.1216817912928683,0.010029487990458956,-0.08388175695527549
2000000,7.5,1.154069748855469,0.011064486285486367,-0.08022472237056157
2000000,8,1.1870022002638951,0.012014187883308679,-0.0766713778353414
2000000,8.5,1.2210948395139303,0.012820701110336919,-0.07328211457090068
2000000,9,1.255407174138699,0.013560507852287332,-0.06995200891851683
2000000,9.5,1.2891457048398858,0.014301058269799067,-0.06659782790313482
2000000,10,1.3219656386754903,0.015074327607004874,-0.06320342713579027
2000000,10.5,1.353863296441508,0.015898896465268954,-0.05982529345576295
2000000,11,1.3848914380124595,0.01680830049976843,-0.05653131783928283
2000000,11.5,1.4149992148915806,0.01785492236082499,-0.05337762909951312
2000000,12,1.444076320935164,0.01908618767575651,-0.050429926951487875
2000000,12.5,1.4719503005447123,0.020531582343722668,-0.047732366209296655
2000000,13,1.4983885056307522,0.02220633863701096,-0.0452768353537695
2000000,13.5,1.5231072712728808,0.02411965922685012,-0.043012643450580326
2000000,14,1.545755157170273,0.02628660668053973,-0.040881953075969715
2000000,14.5,1.5659555096711524,0.028743005241298403,-0.03886850715928861
2000000,15,1.5834105895398616,0.031551587850846045,-0.03702184867172754
2000000,15.5,1.597952153238141,0.034784195967935506,-0.03541625404448433
2000000,16,1.6094870188329224,0.03848446646825819,-0.03407295707023877
2000000,16.5,1.6179258646579158,0.04264562051835293,-0.032938701852403655
2000000,17,1.6231849247280206,0.0472334666411565,-0.031956975545550596
2000000,17.5,1.6252376266910502,0.052236500677395575,-0.031153647515544853
2000000,18,1.6241617211827086,0.057697316875643494,-0.030656234680587313
2000000,18.5,1.6201710571825596,0.0637037017114098,-0.030649158846571958
2000000,19,1.6136240860950326,0.07035068926630365,-0.03130820655423625
2000000,19.5,1.6049680826853225,0.07769855233197963,-0.03274867297230219
2000000,20,1.5945976062939353,0.08574751865271175,-0.035006129054442954
2000000,20.5,1.5827239305310603,0.0944130094529554,-0.03804501104253224
2000000,21,1.5693888047447637,0.10346813529216878,-0.04178593345959927
2000000,21.5,1.5544731032333066,0.11265552529580267,-0.04620870447313079
2000000,22,1.537538155791837,0.12217462231435977,-0.05148497178205335
2000000,22.5,1.5182595980886773,0.13224064904095054,-0.057738366724070095
2000000,23,1.4972798305089903,0.14231594210918638,-0.06481421230027287
2000000,23.5,1.4762725570318784,0.15211317486300954,-0.0726063116883485
2000000,24,1.4575422339642978,0.16166177668625564,-0.08112425492618672
2000000,24.5,1.4428322397418154,0.1708796065504987,-0.09030801915275216
2000000,25,1.431792561377146,0.17985954784123553,-0.09993016636901998
3000000,-20,-1.0969353587891928,0.08656269682565208,-0.07166195013326551
3000000,-19.5,-1.1601647697776767,0.06335628939088409,-0.08458172385666342
3000000,-19,-1.1770186567699732,0.05247657716078492,-0.09236535328116968
3000000,-18.5,-1.182554385045833,0.04539978339930321,-0.09878271315941431
3000000,-18,-1.1775049726201945,0.039658456775552894,-0.10434912801531376
3000000,-17.5,-1.1609404842322655,0.03505183727575684,-0.10888763081039078
3000000,-17,-1.135971080296803,0.03130643966488697,-0.11248054429475465
3000000,-16.5,-1.1074685477243025,0.028193788956428562,-0.11507250925981803
3000000,-16,-1.0792598520745629,0.02557311218667585,-0.11646914171975904
3000000,-15.5,-1.0529559651393368,0.02334492502152114,-0.11660934236772333
3000000,-15,-1.028354698983898,0.021430333637350744,-0.11564521701176703
3000000,-14.5,-1.0045240851028168,0.019772990457566145,-0.11380981632912054
3000000,-14,-0.9804566351467638,0.018337967449534243,-0.11131618048774564
3000000,-13.5,-0.9550411470217122,0.017101876610266326,-0.10839406106811672
3000000,-13,-0.9270104381055763,0.01604223450123219,-0.10533887562449944
3000000,-12.5,-0.8953078705285444,0.01513294023309794,-0.10245263158526605
3000000,-12,-0.8595338538280924,0.014346056318358568,-0.09993463075820484
3000000,-11.5,-0.8199855970235945,0.013655756150607141,-0.09784343599603362
3000000,-11,-0.7773311954222134,0.013041068261297525,-0.09614431095935899
3000000,-10.5,-0.7322706698932182,0.012486882346157363,-0.09477474947835814
3000000,-10,-0.6853743349810084,0.011983830315604682,-0.09368217241396151
3000000,-9.5,-0.6370589421736252,0.011526234974155333,-0.09282671430734893
3000000,-9,-0.5875992846347979,0.011108816366210075,-0.09216511897061949
3000000,-8.5,-0.5371428205402486,0.010726215498810768,-0.09165284132995714
3000000,-8,-0.48575449891952605,0.010372173404353788,-0.09125520251156617
3000000,-7.5,-0.4334827395497543,0.010043917433516058,-0.09095060933330099
3000000,-7,-0.38040019042509177,0.009742658156938174,-0.0907283053356811
3000000,-6.5,-0.32664417065369555,0.00946494947877731,-0.09057755199402885
3000000,-6,-0.2724623893756932,0.009200409720295606,-0.09048399341879138
3000000,-5.5,-0.21812299547257055,0.008940322275985665,-0.09043587261916335
3000000,-5,-0.16365157374658243,0.008692446525071628,-0.09043272028130538
3000000,-4.5,-0.10881910861262326,0.008477373459675095,-0.09048045217756334
3000000,-4,-0.053492520242347595,0.008306118735975644,-0.09057659781703488
3000000,-3.5,0.002238525879289216,0.00817373679602195,-0.09070985869209468
3000000,-3,0.0582163954106355,0.008069186798584545,-0.09086788046150882
3000000,-2.5,0.11430702614332944,0.007982502121165976,-0.09104010377358508
3000000,-2,0.17037898028804468,0.007906345795210564,-0.0912184779071511
3000000,-1.5,0.2263279211208891,0.007837498154279103,-0.09139861169443168
3000000,-1,0.28216125642344836,0.00778089040658495,-0.09159713998771829
3000000,-0.5,0.3379231271588344,0.007746603309846672,-0.09184983671605362
3000000,0,0.39357515225937806,0.007735322672986607,-0.09210543679613352
3000000,0.5,0.4490018080609557,0.007732876922959128,-0.0922168137084656
3000000,1,0.5040180327406933,0.007724083151356231,-0.09209523541320419
3000000,1.5,0.5583296115148972,0.0077193545599255784,-0.09176330887972514
3000000,2,0.6116600503021477,0.007773780233954553,-0.09129572569068066
3000000,2.5,0.6637837216194696,0.00794478184233338,-0.09073227847902601
3000000,3,0.7143400883237624,0.008252486126871931,-0.08996227566889457
3000000,3.5,0.7631828740809484,0.008691028224726092,-0.08887477366551477
3000000,4,0.8110054743412372,0.009197648802284136,-0.08758527459343775
3000000,4.5,0.8587931805423348,0.009683008125056038,-0.08624727024674297
3000000,5,0.9065992855997183,0.010119854706935338,-0.08487106408672655
3000000,5.5,0.9538106713647714,0.01053178718158928,-0.08341731819623929
3000000,6,0.9998441549976416,0.010948291145554475,-0.08182708127321062
3000000,6.5,1.0442754314796867,0.011389778266303382,-0.08002687150972111
3000000,7,1.0868332303974984,0.011866476034437714,-0.07795088708266143
3000000,7.5,1.1274276788695325,0.012381360659763975,-0.07556786910116649
3000000,8,1.1661211817313026,0.012937744041857583,-0.07289707543138312
3000000,8.5,1.2030709404414064,0.01354530487374456,-0.07000376711038502
3000000,9,1.2384884986863018,0.014220329619034777,-0.06697366764023206
3000000,9.5,1.2725578492577605,0.014981840711065265,-0.06388217920488758
3000000,10,1.3053517919017847,0.015847684926177764,-0.06077927009908609
3000000,10.5,1.3368369946844831,0.016835638251117526,-0.0576966399905086
3000000,11,1.3669251116880958,0.017963162023075588,-0.054664039717227685
3000000,11.5,1.395503369053869,0.01924691379431962,-0.05170813675849699
3000000,12,1.422440388058848,0.02070346780656594,-0.04884004032384459
3000000,12.5,1.4475862618621096,0.022349202567877036,-0.04605199934787306
3000000,13,1.4707831833686758,0.02420181644962104,-0.04332879024229304
3000000,13.5,1.4918923940920261,0.02628590971398573,-0.04067106965907418
3000000,14,1.5108301627281262,0.028640193150704017,-0.03811801459449305
3000000,14.5,1.5275888654360281,0.03131867223429973,-0.03574753365133296
3000000,15,1.5422147966464566,0.034378537834845346,-0.033642330592698035
3000000,15.5,1.5547463086641162,0.03785864137276241,-0.03184434108486879
3000000,16,1.565161674910751,0.04176704558997102,-0.03034392098091436
3000000,16.5,1.5733804797948792,0.04609282938402591,-0.029118220764751707
3000000,17,1.5793117019181522,0.050832441213239585,-0.028178174860545274
3000000,17.5,1.582922221776656,0.05600513722273985,-0.027584445787341417
3000000,18,1.5843137075272664,0.06164412820598215,-0.027436824773875428
3000000,18.5,1.583781021614683,0.06777297409456114,-0.027854404178964093
3000000,19,1.5817776034952256,0.07439192816492954,-0.02894282296874198
3000000,19.5,1.5787415551558772,0.08148551117986395,-0.03075300163662767
3000000,20,1.5748957565754393,0.08900343081450407,-0.03326288381867843
3000000,20.5,1.570208951162045,0.09672301055779178,-0.036385083758205435
3000000,21,1.5644618190710422,0.10407101808294865,-0.040009130060768366
3000000,21.5,1.5569849275512815,0.11061369721815933,-0.04418248698772317
3000000,22,1.546275058696239,0.11721944507183141,-0.04923735862363465
3000000,22.5,1.5308823594063827,0.1250210900574662,-0.05536839624741452
3000000,23,1.510532360232685,0.1340076542773466,-0.06247318923435886
3000000,23.5,1.4863213375599011,0.14397025032266234,-0.0705454824482168
3000000,24,1.4609297813405648,0.15470896887927468,-0.07968002263114575
3000000,24.5,1.4379218469580615,0.1657479510817873,-0.0897998779464201
3000000,25,1.4195658045324038,0.17663055070093717,-0.10044646213310665
3000000,-20,-1.1476818948179917,0.08529081153720344,-0.0664090563806717
3000000,-19.5,-1.2146105924764383,0.0630038203518382,-0.07668225147145237
3000000,-19,-1.2418404865553763,0.05284146401972339,-0.08192909055702907
3000000,-18.5,-1.257575091150895,0.04597034557350997,-0.085549419364457
3000000,-18,-1.2627200810049055,0.040425260022438764,-0.08811062078627183
3000000,-17.5,-1.2561490700895463,0.035881206224485124,-0.0899154619475946
3000000,-17,-1.239023604726181,0.03204513186430903,-0.0915344028833622
3000000,-16.5,-1.2134427110094723,0.028717523247806756,-0.09338468718808657
3000000,-16,-1.1811547625184726,0.02580021656808991,-0.09561073759799184
3000000,-15.5,-1.1434627631648024,0.023244305902068527,-0.0981701880361539
3000000,-15,-1.101607423304234,0.021016968374149677,-0.10089183461677889
3000000,-14.5,-1.0571003890125032,0.019093457093405947,-0.10347429538964771
3000000,-14,-1.011857593498565,0.017459459652667722,-0.10547983193387227
3000000,-13.5,-0.9679356969070071,0.016106086225239853,-0.1064256938063627
3000000,-13,-0.9266415407802653,0.015013195265810386,-0.10603623282075596
3000000,-12.5,-0.8875233557540168,0.01413542663011361,-0.10450147925825097
3000000,-12,-0.848619355324629,0.013408880924195217,-0.10240351078859009
3000000,-11.5,-0.8080051028134332,0.012774391822453535,-0.10032172407008251
3000000,-11,-0.7648537688041808,0.01219473573263944,-0.09856056476089411
3000000,-10.5,-0.7192902116435631,0.011655053034130714,-0.0971768517889269
3000000,-10,-0.6718359308803328,0.011153901365545997,-0.09611421355857794
3000000,-9.5,-0.6230369696944494,0.01069394530978489,-0.09528991004039335
3000000,-9,-0.5732936235288584,0.01027596740018442,-0.09462326692745004
3000000,-8.5,-0.5228144617700201,0.009897220758857803,-0.09405497271055174
3000000,-8,-0.4716929727605108,0.009547635952819959,-0.09355404703247953
3000000,-7.5,-0.4200469114006451,0.009213913932505991,-0.09311072972642985
3000000,-7,-0.36804280868655703,0.008885489339048652,-0.09273205904959565
3000000,-6.5,-0.31572617379455126,0.008558766002170405,-0.09243429860592628
3000000,-6,-0.26286686908603674,0.008244985417032705,-0.09223784514165521
3000000,-5.5,-0.20914493281392865,0.007961312717610336,-0.09215393465569519
3000000,-5,-0.15446966417074695,0.00771429095048078,-0.09217240617343371
3000000,-4.5,-0.09899969933908459,0.007498018701845026,-0.09226664513338224
3000000,-4,-0.042986594220249315,0.007301273777528595,-0.09240524218711352
3000000,-3.5,0.013292211036320403,0.007112116340539764,-0.09255814864760138
3000000,-3,0.06958044793691195,0.006921692127085813,-0.09270886447820396
3000000,-2.5,0.12578664359370725,0.00673494696128404,-0.09293718282114087
3000000,-2,0.18192641558826603,0.006562775573974582,-0.09334981933729289
3000000,-1.5,0.23788663066579563,0.006382134499714919,-0.09374672236360172
3000000,-1,0.293454999942128,0.006156182624058273,-0.09389301091007629
3000000,-0.5,0.34854904179469587,0.005925934433677564,-0.09387149739983429
3000000,0,0.4036485187850659,0.005811262062893508,-0.09398453662420332
3000000,0.5,0.45913780419869943,0.0058305139483203925,-0.09423433120949046
3000000,1,0.5148141184589053,0.005935413880411804,-0.0944629323017932
3000000,1.5,0.5703500323771088,0.006094962649173694,-0.09459902623570718
3000000,2,0.6255043033444634,0.006296869101964291,-0.0945992050765137
3000000,2.5,0.6800464256938099,0.006541484391331514,-0.0943883688062707
3000000,3,0.7336093154483059,0.006838236498333939,-0.09387523631280689
3000000,3.5,0.7855757852422232,0.007198077325797455,-0.09302177006598691
3000000,4,0.835134324341169,0.0076337145814679335,-0.09185599574168499
3000000,4.5,0.8816642001925716,0.008181477430803458,-0.09037546290636098
3000000,5,0.9258627741841758,0.008849318881488395,-0.08857261703134443
3000000,5.5,0.9698501949507614,0.0095147551856344,-0.08668728406061793
3000000,6,1.0145577495097355,0.010081159679499591,-0.08489976964205168
3000000,6.5,1.0593120633087874,0.010573525118177546,-0.08312214603121414
3000000,7,1.1031981252961778,0.011044628300407538,-0.08124171136160648
3000000,7.5,1.1456027759853709,0.011530366880681412,-0.07916999491309677
3000000,8,1.1861951564688713,0.012050423602644912,-0.07684776612782294
3000000,8.5,1.2248985427628305,0.012614662035491027,-0.07425319877711163
3000000,9,1.2618423379251151,0.013230983783337029,-0.07139625341715454
3000000,9.5,1.2972002266350073,0.01390993479135,-0.06830676396869609
3000000,10,1.3310155454661543,0.014669434509491873,-0.065025266484956
3000000,10.5,1.3631789084382588,0.015538555476313064,-0.061606448002828995
3000000,11,1.3935251414957213,0.016552063121719942,-0.05812576402854246
3000000,11.5,1.4219150237092735,0.017744218156012972,-0.05466647464937476
3000000,12,1.4482461636453463,0.019144363793580633,-0.051296970555320676
3000000,12.5,1.4724298430425575,0.02077145130988297,-0.048054492919569855
3000000,13,1.4944007364538248,0.022628982150272894,-0.04495209294541399
3000000,13.5,1.5141794757774294,0.0247077322507836,-0.0420161696057119
3000000,14,1.5318786312313661,0.027010205756115038,-0.03930977236869785
3000000,14.5,1.5475851496417943,0.029588855467038735,-0.03690421665043164
3000000,15,1.561314783641639,0.03254150026268544,-0.0348552160744152
3000000,15.5,1.57304528250299,0.03595239387329501,-0.033190714917568795
3000000,16,1.5826663916128803,0.0398509828264582,-0.0318885004351433
3000000,16.5,1.5899578754614594,0.04422737437214546,-0.030900723457118258
3000000,17,1.5946787956078976,0.0490754449723248,-0.03021157856382076
3000000,17.5,1.5966835756722881,0.05441900181442308,-0.029854349505791793
3000000,18,1.5959888355499405,0.06030709926881374,-0.029884206084400757
3000000,18.5,1.5927723486475496,0.06679505477146312,-0.03035497162340198
3000000,19,1.587316520119081,0.07392550089141171,-0.031320678371194274
3000000,19.5,1.5799046144523197,0.08170813366111745,-0.03284625270123624
3000000,20,1.5706611529057022,0.09009537230115941,-0.0350123398307864
3000000,20.5,1.5593797758524164,0.09896475282068415,-0.03791916420146692
3000000,21,1.545445516397797,0.10817976147427782,-0.04171355267418312
3000000,21.5,1.5279504288864394,0.11780497443913206,-0.04662681581201097
3000000,22,1.5062659926372717,0.12803434221665497,-0.052873825929776914
3000000,22.5,1.481044752993247,0.13872104062975832,-0.060488444902196015
3000000,23,1.4547052627722454,0.14957094116358016,-0.06940296875163174
3000000,23.5,1.4307168758679831,0.1603266698973993,-0.07946208542505857
3000000,24,1.411675641985624,0.17071738540618056,-0.09026591521158416
3000000,24.5,1.397575365774962,0.18075614250561334,-0.10113522447160904
3000000,25,1.3861046816823048,0.1909027018337377,-0.11130364604201161
3000000,-20,-0.9509619272376851,0.11569369045092096,-0.049520459528369386
3000000,-19.5,-1.0909622403562427,0.08664384678981606,-0.06605866132711755
3000000,-19,-1.1699894304055531,0.06414995935947365,-0.0756995032138501
3000000,-18.5,-1.2074307867541034,0.05267585179328676,-0.08044810919869871
3000000,-18,-1.2291021802278035,0.04537907233494735,-0.08316595779973876
3000000,-17.5,-1.2388296549688866,0.03976603562051006,-0.08470105224881462
3000000,-17,-1.2367330551850169,0.035216677424595326,-0.08549961660580978
3000000,-16.5,-1.2241012573271028,0.031383721615130734,-0.08614516514885016
3000000,-16,-1.202761559394484,0.028067154568399148,-0.08705960814646663
3000000,-15.5,-1.174320610886519,0.025170675118833044,-0.08838578857763064
3000000,-15,-1.140173093374694,0.022641107033954517,-0.0900575763339069
3000000,-14.5,-1.1015814819471357,0.020436529509913745,-0.0919059966601241
3000000,-14,-1.0594735673981863,0.018521571786982438,-0.09376329255683656
3000000,-13.5,-1.0141780676865775,0.016868864560956657,-0.09555094207513846
3000000,-13,-0.965570153393441,0.015455228936139345,-0.09729071367926201
3000000,-12.5,-0.9138274619410587,0.014257730685509317,-0.09897843560709299
3000000,-12,-0.8602429071243005,0.013254046294282448,-0.10041197676538866
3000000,-11.5,-0.8070754199639905,0.012421865083654601,-0.10120571890330789
3000000,-11,-0.7561343355707988,0.0117331903542432,-0.10108628904770463
3000000,-10.5,-0.7074590929276277,0.011151312620852737,-0.10017715031153739
3000000,-10,-0.6597186263212933,0.010638424954315641,-0.098903240595439
3000000,-9.5,-0.6116582214264139,0.010164526495282558,-0.09765569016410365
3000000,-9,-0.5628194143081698,0.009708192223796675,-0.0966137756441947
3000000,-8.5,-0.5132663091363621,0.009256051883768412,-0.09580494681976079
3000000,-8,-0.46307568384578907,0.008804102337364835,-0.09520642789564679
3000000,-7.5,-0.4121063291585546,0.008367803094431282,-0.09479066280251092
3000000,-7,-0.36014627363730395,0.007972898606457366,-0.09453092804491342
3000000,-6.5,-0.3071879001415637,0.007631856934733507,-0.0943880924560468
3000000,-6,-0.2534614189394425,0.007340538179518058,-0.09431448703330927
3000000,-5.5,-0.19927360752660656,0.007084796132316709,-0.09426750875058326
3000000,-5,-0.14490481676389205,0.006844334365678044,-0.09421726628779652
3000000,-4.5,-0.0905390506245457,0.0065979284590100325,-0.09414405434316991
3000000,-4,-0.03599498533440326,0.006342402819283686,-0.0941030176872354
3000000,-3.5,0.018885770535972554,0.0060822116687945914,-0.09428526563028687
3000000,-3,0.07337750736031634,0.00575044344688618,-0.09444035637205679
3000000,-2.5,0.12723131918515934,0.005324965394437866,-0.09421663868892663
3000000,-2,0.18165934681678872,0.005009964786523179,-0.0941454440514987
3000000,-1.5,0.2378054027609498,0.004897114637192996,-0.09452593463567419
3000000,-1,0.2952424810610517,0.004891232988436157,-0.09498892329995179
3000000,-0.5,0.3531679424903612,0.0049347735438522635,-0.09539041366550238
3000000,0,0.41109311952301275,0.005006144808338829,-0.09572059033872368
3000000,0.5,0.46877427638720137,0.005096337046195169,-0.09598946000045293
3000000,1,0.5260763653263139,0.00520194254030949,-0.0962035083477937
3000000,1.5,0.582886376729573,0.005322572395950883,-0.09636249197645222
3000000,2,0.6390632162675216,0.005460808418574492,-0.09645823297841591
3000000,2.5,0.6944305481542101,0.005624015974273484,-0.09647424438398297
3000000,3,0.748834648941885,0.005824689771113642,-0.09638881347028252
3000000,3.5,0.802242655769229,0.006074720428328092,-0.09617828428692556
3000000,4,0.8547366427239332,0.006378397863902661,-0.09579422544571392
3000000,4.5,0.9062633891143265,0.00673919867349232,-0.09511441794379757
3000000,5,0.9562915959886644,0.007169413655045737,-0.09398182941239461
3000000,5.5,1.0037212226662162,0.007680412153256734,-0.09233360460830667
3000000,6,1.0472438403252176,0.008301014447031196,-0.09018098827853338
3000000,6.5,1.0865070746180967,0.009096079412544748,-0.0875375202692991
3000000,7,1.123928605407737,0.009973663360763625,-0.08466634203912064
3000000,7.5,1.1620207990071147,0.010746831792277135,-0.08189953753728371
3000000,8,1.2007543834873413,0.011398518285474888,-0.0792111023126025
3000000,8.5,1.239201287040463,0.011996397140901595,-0.07649626875469845
3000000,9,1.2767390906205867,0.012596198810818617,-0.0736730147592958
3000000,9.5,1.313001808605845,0.01323014098071393,-0.0706815049131466
3000000,10,1.3477257178639188,0.01391577113513785,-0.06749281151452535
3000000,10.5,1.3808179614288498,0.014661526862404175,-0.06413659144315138
3000000,11,1.4124586965448214,0.015471022451131917,-0.06071400841541253
3000000,11.5,1.4429429290771667,0.016364014603046963,-0.05734106937621835
3000000,12,1.4723797914704904,0.01739327731992688,-0.05409680989193194
3000000,12.5,1.5006164966661684,0.018624808570346204,-0.051047570793661054
3000000,13,1.5272643385408124,0.02010956313566372,-0.048233285383612705
3000000,13.5,1.5517676493493997,0.021876693813516295,-0.04562173673281678
3000000,14,1.573562664828911,0.023944660438476793,-0.04313270928016532
3000000,14.5,1.5922111787204574,0.026343912367536942,-0.04071977118945178
3000000,15,1.6074783593183484,0.029137308270141247,-0.03843268220603476
3000000,15.5,1.6193580098805112,0.03241174250301598,-0.03638926152223205
3000000,16,1.6279924412382965,0.036231820696404536,-0.0346650227088345
3000000,16.5,1.6335349782556847,0.04059836977041676,-0.033230655673441405
3000000,17,1.6360882678921906,0.04546808848790398,-0.03202705804627729
3000000,17.5,1.6357432933128322,0.05081635535391636,-0.031071624537514705
3000000,18,1.632657109901638,0.05667095652980105,-0.03046572612763308
3000000,18.5,1.627107442673003,0.0630929002514879,-0.030330878689813184
3000000,19,1.6194735522622477,0.0701394740428643,-0.030764292631783877
3000000,19.5,1.6101415539349473,0.07783878650965774,-0.031838380366609055
3000000,20,1.5993702966986332,0.08617576492543312,-0.03361477910876366
3000000,20.5,1.5871589860974056,0.09508103876672083,-0.036152345013755235
3000000,21,1.5731857966595688,0.10443433698174726,-0.03952103058967991
3000000,21.5,1.556865699867029,0.11417286689555867,-0.04385486491422694
3000000,22,1.5376169604072203,0.12441327440309743,-0.04937493490285476
3000000,22.5,1.5156113521106471,0.13498902631445325,-0.056200469695799456
3000000,23,1.4924582088009424,0.14530117289235703,-0.06425878292113477
3000000,23.5,1.470859715162203,0.1550714067975143,-0.07344643239316988
3000000,24,1.453205492812978,0.16430794589377215,-0.08355569446011024
3000000,24.5,1.4398161841685604,0.1731713946498603,-0.09413128846659366
3000000,25,1.4285573462828869,0.18215308947148487,-0.10452592492625425
5000000,-20,-1.2292203348150896,0.05508609245042638,-0.09321435875673617
5000000,-19.5,-1.2361203854231988,0.04758805033153952,-0.10036832607630788
5000000,-19,-1.2347384978643405,0.04157698528985568,-0.10657263405767932
5000000,-18.5,-1.2241644445412834,0.036706012667490476,-0.11143436152927161
5000000,-18,-1.2058892827270569,0.03276375871001133,-0.11487377619850195
5000000,-17.5,-1.1835711334949113,0.029487819281222207,-0.11705339033592543
5000000,-17,-1.160225230041799,0.02669479813006009,-0.11811730134518332
5000000,-16.5,-1.1369747311030662,0.02427551656638171,-0.11822807795494468
5000000,-16,-1.1137306980346335,0.02216719686144888,-0.11756095967803278
5000000,-15.5,-1.090244869916352,0.02033321238636033,-0.11622007643596577
5000000,-15,-1.066452528325444,0.018747819693208802,-0.11422921001604436
5000000,-14.5,-1.042117797602338,0.017388165558803653,-0.11163104142661445
5000000,-14,-1.0164188583262113,0.016229997481091787,-0.10860301568417831
5000000,-13.5,-0.9880677615734045,0.015245032176396117,-0.10546236294663791
5000000,-13,-0.9559548189659199,0.01440193269943447,-0.10253529866443954
5000000,-12.5,-0.9196978625796439,0.013670248016708896,-0.10001860701827424
5000000,-12,-0.8796379654572928,0.013024071039034817,-0.09795314135188307
5000000,-11.5,-0.8364650056690741,0.012443562773493783,-0.09628767772923755
5000000,-11,-0.7908765319352102,0.011914773452492314,-0.09494894444716681
5000000,-10.5,-0.7434328131134504,0.011429015546181467,-0.09387802664436136
5000000,-10,-0.694551691586621,0.01098224159455129,-0.09303880282614077
5000000,-9.5,-0.644540416126503,0.010572817764024245,-0.09240645855241468
5000000,-9,-0.5936054095079334,0.010198358784047647,-0.09194776347987549
5000000,-8.5,-0.5418595755396756,0.00985542539200695,-0.09162450982056983
5000000,-8,-0.4893628571982045,0.009538819760815982,-0.0914027268198768
5000000,-7.5,-0.43616467468636544,0.009247029195005715,-0.09125824832132466
5000000,-7,-0.38230448843891685,0.008982285980003201,-0.09117867191122098
5000000,-6.5,-0.32781718806429755,0.00874372652670348,-0.09115454807824547
5000000,-6,-0.2727944038201837,0.00852524076392977,-0.09117471273637304
5000000,-5.5,-0.21746439552607666,0.008315829420177674,-0.09122635407715211
5000000,-5,-0.1621049396832951,0.0081079267043033,-0.09130054314215585
5000000,-4.5,-0.10673182461344394,0.007912173036420838,-0.09140163999220371
5000000,-4,-0.0510951590966796,0.00775035457099585,-0.09154142409023629
5000000,-3.5,0.004931570157605203,0.007630934022362353,-0.09172274387523471
5000000,-3,0.06126328569578935,0.007546174045413357,-0.09193871650034952
5000000,-2.5,0.11776905003340259,0.007484069892010248,-0.09217625192970151
5000000,-2,0.17433022290604988,0.007435113496528919,-0.09241460041084493
5000000,-1.5,0.23080960737197748,0.007393518004595291,-0.09262792411238588
5000000,-1,0.28709324478546133,0.007358411485019523,-0.09279410337605218
5000000,-0.5,0.3431754500105949,0.007336666593986154,-0.09291867092325438
5000000,0,0.3990603853088277,0.007339599954782047,-0.09304684479969745
5000000,0.5,0.4546320299648551,0.007371138553627406,-0.0931802896319608
5000000,1,0.5097020741466006,0.00742415632147762,-0.09322814730443059
5000000,1.5,0.5640547436703724,0.007491391632654742,-0.09308869644581512
5000000,2,0.6173670181690951,0.007583643402222412,-0.09270052388218995
5000000,2.5,0.6692573542869769,0.0077451173454660144,-0.0920172442472705
5000000,3,0.7197690993917227,0.008020890993937328,-0.09109925119726246
5000000,3.5,0.7697080798927556,0.008378127324626497,-0.09013902009321836
5000000,4,0.8199305328564168,0.00874182459108271,-0.08922397356062427
5000000,4.5,0.8703491436887844,0.009084746957652422,-0.08830968006110926
5000000,5,0.9203156117354854,0.009421241441268512,-0.08733345020781165
5000000,5.5,0.969254380664881,0.009771880812631086,-0.08622935348168849
5000000,6,1.016758002094615,0.010149941021714941,-0.08492213052491167
5000000,6.5,1.062563207956976,0.01055833468831713,-0.08333862059652218
5000000,7,1.106525480196598,0.01099358079260389,-0.0814294317037953
5000000,7.5,1.1485345815006835,0.011456862786714496,-0.07918467403061462
5000000,8,1.188541454456979,0.011957137899451025,-0.07663990891408996
5000000,8.5,1.2266968221897545,0.012503568443840835,-0.07386955087920132
5000000,9,1.2633270635580702,0.013103838766923942,-0.07095966316193224
5000000,9.5,1.2987279332512338,0.013766793916789526,-0.06797516599568967
5000000,10,1.333024317795652,0.014502963817469747,-0.0649480455247245
5000000,10.5,1.3661971086293399,0.015326003944851485,-0.061893815042173665
5000000,11,1.3981602649925926,0.016251540252932874,-0.05883437033741291
5000000,11.5,1.428802836864358,0.01729733615762444,-0.05579886777211537
5000000,12,1.4579984111125652,0.01848410297617383,-0.052814225475689695
5000000,12.5,1.4856035156322875,0.019833877442984194,-0.049898238260817226
5000000,13,1.5114574516609816,0.021367659733449524,-0.047054459452716434
5000000,13.5,1.5353879820885032,0.023105291646075322,-0.04427366059259647
5000000,14,1.5572275662326094,0.025069923095376676,-0.04154911079847193
5000000,14.5,1.576841905732242,0.02729654654264857,-0.03890217997363883
5000000,15,1.5941581392406912,0.02983836678959576,-0.03639793916343484
5000000,15.5,1.6091653598117548,0.03276054715224931,-0.03412580210926362
5000000,16,1.6218760416840987,0.036117148005537086,-0.0321478403496633
5000000,16.5,1.6322851124918305,0.039926089412967325,-0.030462786063547912
5000000,17,1.6403742145484002,0.04416781659435875,-0.029030602050862664
5000000,17.5,1.646150588076018,0.04881292740751938,-0.02783342742393062
5000000,18,1.6496748219847412,0.053854642580271596,-0.026912163265669024
5000000,18.5,1.6510641693044363,0.05932280797617018,-0.026362946702132285
5000000,19,1.6504924194959802,0.06527650968363354,-0.026321264750857797
5000000,19.5,1.6482037381715666,0.07178045356021656,-0.02694682343085269
5000000,20,1.6445103277621524,0.0788715707456559,-0.028390741024451823
5000000,20.5,1.6396995488252635,0.08652793157418572,-0.03073354366684637
5000000,21,1.6338876686208343,0.09459774854248938,-0.033918576228371126
5000000,21.5,1.6270064104953903,0.10253629852290633,-0.037732766197223364
5000000,22,1.6186731165381858,0.10934339936903911,-0.04197869985800269
5000000,22.5,1.6073216358148055,0.11527032575827793,-0.04690958183071851
5000000,23,1.5903431143544378,0.12237017965442341,-0.05301383508738258
5000000,23.5,1.5662217625907462,0.13122860365568464,-0.060311425156388696
5000000,24,1.53558215472939,0.14154372293175713,-0.0688336283234607
5000000,24.5,1.5021843448146242,0.15301453820807046,-0.07880668730160653
5000000,25,1.472170473380495,0.16477053940976175,-0.09015714080498416
5000000,-20,-1.3190616675150837,0.05474317839763844,-0.08007528273966022
5000000,-19.5,-1.3351856996686995,0.047656318571415064,-0.084377975338362
5000000,-19,-1.341757085193351,0.041916853796197064,-0.08763283552584755
5000000,-18.5,-1.3375297950019271,0.037171326180468055,-0.08997482490158039
5000000,-18,-1.3228237901672577,0.03315452469904731,-0.09191526747679464
5000000,-17.5,-1.2993143201318051,0.029654221000607398,-0.0939805555654011
5000000,-17,-1.268630510982173,0.026565646591768948,-0.09642551930872514
5000000,-16.5,-1.232012131793947,0.023847254334597497,-0.09926466352189499
5000000,-16,-1.1907200504200968,0.02147695390124111,-0.10233655268582027
5000000,-15.5,-1.1465228448513953,0.01943542689099877,-0.1053033319869619
5000000,-15,-1.101887876878512,0.01770749679521203,-0.1076371424136283
5000000,-14.5,-1.059479513173198,0.016281129396156856,-0.10873920624058102
5000000,-14,-1.0207873016868583,0.015132907605135235,-0.10827939425470438
5000000,-13.5,-0.9849065582745642,0.014213918586005523,-0.10650994721237961
5000000,-13,-0.9491642297873232,0.013456937334008833,-0.10413056592037079
5000000,-12.5,-0.9111554286660608,0.01280045095026197,-0.10180207604894993
5000000,-12,-0.8699313141100664,0.012205589832604518,-0.09985052819283206
5000000,-11.5,-0.8257182872281106,0.011655174996969442,-0.09831802010521482
5000000,-11,-0.7792010617892815,0.011143762362203533,-0.09712284353649814
5000000,-10.5,-0.731064205174897,0.010670142344796482,-0.0961677089670429
5000000,-10,-0.6818257346709977,0.010234801587311229,-0.09538418002547117
5000000,-9.5,-0.6318111552294207,0.009838299499527834,-0.09473379980680817
5000000,-9,-0.5811571937904894,0.009479089482161923,-0.09418917709494201
5000000,-8.5,-0.5298374443283347,0.009153286714717233,-0.09373335393078965
5000000,-8,-0.4777527403259191,0.008852343015896607,-0.0933603285387984
5000000,-7.5,-0.4248578593652426,0.008567816196788846,-0.0930704390572072
5000000,-7,-0.3712429684411305,0.008292137421635573,-0.09286752975012816
5000000,-6.5,-0.3171403242820594,0.008013865292251331,-0.09274976094489217
5000000,-6,-0.26276921997180896,0.007727225210265412,-0.09271250096128017
5000000,-5.5,-0.20807783901576388,0.007445337911512284,-0.0927570231044782
5000000,-5,-0.15281387914060351,0.007192100861915799,-0.09288364610201282
5000000,-4.5,-0.09688767811807206,0.006980559312022117,-0.09307696015214055
5000000,-4,-0.04045338881128511,0.006807756015639391,-0.09330857553937248
5000000,-3.5,0.016252636821034186,0.006662524038411727,-0.09354955213570273
5000000,-3,0.07299110639805101,0.006531123516070132,-0.09377589753597873
5000000,-2.5,0.12956876007822168,0.006401503348628236,-0.09397414686730228
5000000,-2,0.18595608095718258,0.006274092975199703,-0.09420738750706113
5000000,-1.5,0.24220091775112984,0.006161057810933585,-0.094592407621426
5000000,-1,0.29826303810969157,0.006056500421846389,-0.09501077720859118
5000000,-0.5,0.3540599944726619,0.005934683513712656,-0.09524817004827019
5000000,0,0.409469351796628,0.005793118217213823,-0.09530861133845672
5000000,0.5,0.46453234799308324,0.005698216658939734,-0.09536626401009171
5000000,1,0.5196769420623332,0.005713381796523946,-0.09551960149856444
5000000,1.5,0.574963520170593,0.0058256962894684666,-0.09561910730136293
5000000,2,0.6300168121119822,0.006012003068814262,-0.09550616457069971
5000000,2.5,0.6842737247406896,0.006263972077126632,-0.09512570292053751
5000000,3,0.7370831127202826,0.0065812171790518605,-0.09449930666979123
5000000,3.5,0.7878160138801504,0.00697641156357244,-0.09363345191639356
5000000,4,0.836231301055137,0.007478581725900411,-0.09247697393187933
5000000,4.5,0.8834219741973821,0.00805539973579417,-0.09109113163766319
5000000,5,0.9310673614617139,0.008590244258069282,-0.08976410503500452
5000000,5.5,0.9794309184066712,0.009038388088760656,-0.08855672839566801
5000000,6,1.0276940850183789,0.009436228891721073,-0.08735025625053831
5000000,6.5,1.075031267953544,0.00982570514408668,-0.08603371616315314
5000000,7,1.1208530745973468,0.010234264854019013,-0.08450793117165796
5000000,7.5,1.1647564634329062,0.010676490445483756,-0.0826879134117658
5000000,8,1.2065614715986137,0.011155494050772083,-0.08051941910560441
5000000,8.5,1.2463188215595657,0.011669990513065564,-0.07799105242486293
5000000,9,1.2841496677032376,0.012228087195265348,-0.07512732023088545
5000000,9.5,1.3200656026791513,0.012850097265780949,-0.0719710580423743
5000000,10,1.3539988312750233,0.013561350657111565,-0.06857353871545525
5000000,10.5,1.3859485148040231,0.014385316177141378,-0.06500225257414577
5000000,11,1.4160264046824298,0.015340102511089911,-0.06134402731253268
5000000,11.5,1.4443941599208467,0.016441037147710284,-0.057688867478370945
5000000,12,1.471186365297012,0.01770344868469911,-0.054114254241210386
5000000,12.5,1.4964680305821605,0.01914247307239081,-0.05067513766669333
5000000,13,1.5202230738307336,0.020771589342667582,-0.04739717460126213
5000000,13.5,1.542362931217946,0.022602383789938146,-0.044281333279028556
5000000,14,1.5627681972145493,0.0246465900092598,-0.04133090793290661
5000000,14.5,1.5813749860224433,0.02691929391034481,-0.038594278516809105
5000000,15,1.5982236291977472,0.029446801673531753,-0.03617590072622297
5000000,15.5,1.6133408558998357,0.03228409084602589,-0.034168626177156505
5000000,16,1.6265941592669453,0.03551408464704987,-0.032579330683525004
5000000,16.5,1.6377318050302385,0.03920505772107965,-0.03134632686968576
5000000,17,1.6464815427983246,0.04337857797711645,-0.030401448432972454
5000000,17.5,1.6526122740876095,0.048027483845996026,-0.02971306469406047
5000000,18,1.6560027325442492,0.05315090960978158,-0.029297940950909054
5000000,18.5,1.6566883661412675,0.05877073702202493,-0.02920628260549865
5000000,19,1.6548362331708981,0.06493069300555189,-0.029504691032347513
5000000,19.5,1.650663301295996,0.07169043023484545,-0.03027474763228024
5000000,20,1.6443450749516249,0.07911219634740292,-0.0316153543161166
5000000,20.5,1.6359167690339156,0.08723073622495296,-0.03363128752305537
5000000,21,1.6251450220640127,0.09600351496279041,-0.03641301774809156
5000000,21.5,1.6114058817945405,0.10527569888538585,-0.0400444558280007
5000000,22,1.593590146867736,0.11496153012579834,-0.04469231332043117
5000000,22.5,1.5702637086741358,0.12535289541472744,-0.05064797535702861
5000000,23,1.5407828614301045,0.13659622104467764,-0.05808670055847301
5000000,23.5,1.5068312240836692,0.14844546147200055,-0.0670366514219176
5000000,24,1.4729889751108973,0.16059148898398384,-0.07750632837157995
5000000,24.5,1.4449014057273617,0.17236866368334047,-0.08922104358123216
5000000,25,1.425321091632472,0.1831951320632948,-0.10139885265553525
5000000,-20,-1.3012823847471544,0.05817182676543274,-0.077181073668623
5000000,-19.5,-1.3279823312204204,0.049892763536808736,-0.08114484262293381
5000000,-19,-1.3427362229099966,0.043723830407014504,-0.0837058553352442
5000000,-18.5,-1.3466182914280216,0.038709105858855994,-0.08520698272474655
5000000,-18,-1.3400727494053915,0.03450339444732167,-0.08610208448884046
5000000,-17.5,-1.3245391998891907,0.03086158685220187,-0.08693163578443044
5000000,-17,-1.301508163646532,0.027652792719673164,-0.08803568714093164
5000000,-16.5,-1.272120413418485,0.0248224280287918,-0.08951810103368313
5000000,-16,-1.2373656681686949,0.022340824938167886,-0.09132461406060102
5000000,-15.5,-1.1982585865183673,0.02017713891619655,-0.09332019224333905
5000000,-15,-1.1557544058517106,0.01829874174786911,-0.09534533926714334
5000000,-14.5,-1.1105026063831973,0.01667803303555164,-0.09726944474541636
5000000,-14,-1.0627504652600686,0.015292494040055586,-0.09902959120310656
5000000,-13.5,-1.0127236153349601,0.014120695896495871,-0.10058477193803302
5000000,-13,-0.9613128737547475,0.013140907663446123,-0.1017889958835654
5000000,-12.5,-0.9102060224582083,0.012330297925422649,-0.10236043181553259
5000000,-12,-0.8608742223109291,0.01166065635128388,-0.10209190903908362
5000000,-11.5,-0.8133618592048009,0.011095685781071991,-0.1011033661836067
5000000,-11,-0.7664455437968098,0.01059746286538503,-0.09978661471977554
5000000,-10.5,-0.7188664678446175,0.010137198364518846,-0.0985131043857874
5000000,-10,-0.6700817604390035,0.009700230552350515,-0.0974634323640277
5000000,-9.5,-0.6201393121366241,0.00928276722945998,-0.09666030486145322
5000000,-9,-0.5692918276032721,0.008884374085383567,-0.09605522859984127
5000000,-8.5,-0.5177933870605893,0.008502164505494502,-0.09559435148040622
5000000,-8,-0.465889057869986,0.00812663772668481,-0.09523725356776963
5000000,-7.5,-0.4137545938678757,0.007755123205234518,-0.09495793002749955
5000000,-7,-0.3613093876972712,0.007403128394239888,-0.09475251929933781
5000000,-6.5,-0.3082731356505799,0.007091573992568329,-0.09462450468751353
5000000,-6,-0.2544900524178704,0.006830059886148969,-0.09456551450140016
5000000,-5.5,-0.20004043241611885,0.006612884093715451,-0.09455445337854929
5000000,-5,-0.14510348546964447,0.006424313439196806,-0.0945686067392398
5000000,-4.5,-0.08986759487501574,0.006243006438819634,-0.09459017593138914
5000000,-4,-0.034479195947254807,0.006047042929958071,-0.09460285387719602
5000000,-3.5,0.021198714092213244,0.005831470928360695,-0.09466097786038692
5000000,-3,0.07735910971598692,0.005610094577107133,-0.09496348047092393
5000000,-2.5,0.13357116557179194,0.0053519836600361866,-0.09533628447692276
5000000,-2,0.1893929296207956,0.00501910572869913,-0.09544510802466145
5000000,-1.5,0.24508514605729567,0.0047136522929167955,-0.09550939622158029
5000000,-1,0.301627796156687,0.0045702776205941735,-0.09592751603736772
5000000,-0.5,0.3591760429767058,0.004551596775735798,-0.09647097396947707
5000000,0,0.4170998395246437,0.004599547425240006,-0.0969442127038824
5000000,0.5,0.47484056574183836,0.004686317751672786,-0.09731284241246559
5000000,1,0.5320523782358682,0.0047996026186147185,-0.09758118202664193
5000000,1.5,0.5885200839320297,0.0049373586838653135,-0.0977534677653528
5000000,2,0.6441250759686118,0.005105102325038531,-0.09783067889810543
5000000,2.5,0.6988725517772412,0.005309633947149733,-0.09781181427183788
5000000,3,0.7528778447056703,0.005552886348555105,-0.0976731626049068
5000000,3.5,0.8062087963648412,0.0058359668806701225,-0.09732867748887421
5000000,4,0.8586490409918135,0.006167700832124139,-0.0966612357500214
5000000,4.5,0.9095681496529382,0.00656047374486216,-0.09562566707768537
5000000,5,0.9580575733474649,0.007027306531850927,-0.09424875804020419
5000000,5.5,1.0033727697361134,0.007611986910537554,-0.09252043718854489
5000000,6,1.0463105040064695,0.008320949612085848,-0.09049758595156863
5000000,6.5,1.0893018524842724,0.009005766126529055,-0.0884998854211764
5000000,7,1.1331808522909368,0.009576305840650313,-0.08663409476111486
5000000,7.5,1.177065250393828,0.010072611752400904,-0.0847631131590315
5000000,8,1.2200298466181807,0.010548383197677539,-0.08277105747631068
5000000,8.5,1.2615655610834593,0.011037210009980659,-0.08057707127696186
5000000,9,1.301405007210863,0.011561343804556173,-0.07812470334273464
5000000,9.5,1.3393529955465895,0.012134587162467085,-0.07537153444996175
5000000,10,1.3752570314911443,0.012765740628584647,-0.07228670473165767
5000000,10.5,1.4090251858561345,0.013463831449636497,-0.06887205335944657
5000000,11,1.4406000912746935,0.014244307039088938,-0.06518107748295565
5000000,11.5,1.4699929476187679,0.015130680638774862,-0.06133231083810189
5000000,12,1.4973681998686161,0.016151627821374394,-0.05750175822773457
5000000,12.5,1.522928931116542,0.017349484604594206,-0.05384406091650983
5000000,13,1.546724224757821,0.018782753230817063,-0.05042471062694034
5000000,13.5,1.5686565650085265,0.0204994480697482,-0.04724475700544746
5000000,14,1.588524402674506,0.022520307756907026,-0.04427065335627032
5000000,14.5,1.6060974096170533,0.024857479901904567,-0.041472822731983446
5000000,15,1.6212560998516574,0.027543451007971922,-0.038884758467516226
5000000,15.5,1.6340319125827167,0.030637401094092218,-0.03660143303608324
5000000,16,1.6445048879191304,0.03419799429543491,-0.034699402176858574
5000000,16.5,1.652680026541689,0.03824720831272463,-0.03317118033062769
5000000,17,1.6584549424332282,0.042766844058954354,-0.031955808841224204
5000000,17.5,1.661684713297172,0.047734181496218386,-0.031022172813310555
5000000,18,1.662284983864514,0.05315503405059222,-0.03040173818471312
5000000,18.5,1.6603108930508665,0.0590622923732927,-0.030152972485495536
5000000,19,1.6559513610632364,0.06549681733638495,-0.030324435091931674
5000000,19.5,1.6494257059786661,0.07250147491962111,-0.03096061664193423
5000000,20,1.6408507928606642,0.08012917620949403,-0.032129850086692606
5000000,20.5,1.630149232651867,0.08844399649669435,-0.033937043215599226
5000000,21,1.6169988903994161,0.09750816305725646,-0.03651398859646873
5000000,21.5,1.6008163941212898,0.1073768791597213,-0.04001293634242901
5000000,22,1.58084208240427,0.11813244216914391,-0.04463314735365725
5000000,22.5,1.556512452070797,0.1297915629008326,-0.050612624979398155
5000000,23,1.5283097671410033,0.1418496775821081,-0.05806781188552473
5000000,23.5,1.4984977077745156,0.15353594992737618,-0.06696081616426802
5000000,24,1.4708324599034563,0.1645607624785484,-0.07720637461629794
5000000,24.5,1.448808012222498,0.1748247632850001,-0.08850551263683878
5000000,25,1.4332449814905468,0.1843664507110346,-0.10018309552188286
7000000,-20,-1.2659023069301085,0.04715061756378856,-0.10430670170286269
7000000,-19.5,-1.2653237939176019,0.04134643798489845,-0.1103136005402193
7000000,-19,-1.2575192660198553,0.0366271903319763,-0.1146700805994435
7000000,-18.5,-1.2434044472647612,0.03278461757961519,-0.11735680746890428
7000000,-18,-1.225460511137173,0.029552733936236995,-0.11874932919309356
7000000,-17.5,-1.2055745089882088,0.026750864944018564,-0.1192280139817138
7000000,-17,-1.1843700199056668,0.02428836741566274,-0.11906133097105402
7000000,-16.5,-1.16196429054876,0.022126865586895025,-0.11837286611626363
7000000,-16,-1.1386379571279543,0.020246305420241233,-0.11714504017104568
7000000,-15.5,-1.1148251019445696,0.01862651410955718,-0.11529302574866282
7000000,-15,-1.090656040885556,0.01724384735428799,-0.11278533318829509
7000000,-14.5,-1.0655274371148074,0.01607159240002805,-0.1097565185868081
7000000,-14,-1.0381638244698648,0.015079172820482944,-0.10652076402097851
7000000,-13.5,-1.0072582499699512,0.014233199945127766,-0.1034427613840802
7000000,-13,-0.9721601916963185,0.013501310019795902,-0.10077222037121354
7000000,-12.5,-0.9330309303392197,0.012855999766975473,-0.09858475247754203
7000000,-12,-0.8905128800122261,0.012276333806079405,-0.09683642717516289
7000000,-11.5,-0.8453394134678072,0.011747663134341366,-0.09544351991035313
7000000,-11,-0.798130486360296,0.011260537660873713,-0.09433022399995163
7000000,-10.5,-0.7493549976310261,0.010809864011990303,-0.09344443902698901
7000000,-10,-0.6993628966495646,0.010394310351101617,-0.09275810759875544
7000000,-9.5,-0.6484133821318426,0.010013919264271278,-0.09225332486250996
7000000,-9,-0.5966738942611469,0.009667064529611384,-0.09190263770407359
7000000,-8.5,-0.5442303339968577,0.009350302937592673,-0.09167381642649189
7000000,-8,-0.49113436977827857,0.009058058694209382,-0.0915361154288825
7000000,-7.5,-0.4374361026123449,0.008788934422871675,-0.0914668804096922
7000000,-7,-0.38316858538880094,0.008544710578445225,-0.091454675895178
7000000,-6.5,-0.32833957162590144,0.008324984130634436,-0.09149155930697177
7000000,-6,-0.2729702529331405,0.008126683849383571,-0.0915693193986609
7000000,-5.5,-0.21718553997713436,0.007942882485443491,-0.09167818025781743
7000000,-5,-0.16126601901935042,0.007763681864431342,-0.09180751039240975
7000000,-4.5,-0.1054283110951503,0.0075884171500779475,-0.09195450233654705
7000000,-4,-0.049531967933969176,0.007434765612346809,-0.09212989938246577
7000000,-3.5,0.006671568361285796,0.007319146116119217,-0.09234144429571153
7000000,-3,0.06319988258636178,0.0072401857518306235,-0.09258128946013125
7000000,-2.5,0.11992747145568543,0.007187503987577817,-0.09283175968963527
7000000,-2,0.17672386936521797,0.007151977291794057,-0.09307032905031114
7000000,-1.5,0.23345131288284773,0.00712781113265633,-0.09327370083528196
7000000,-1,0.28995238497967235,0.007112000550869517,-0.09342563923488467
7000000,-0.5,0.3461334249580217,0.007105961344439929,-0.09352652360102168
7000000,0,0.4020003067872071,0.007117783340518435,-0.09361015811424703
7000000,0.5,0.4575065522595285,0.007157567724363676,-0.09371928236336922
7000000,1,0.5124754729672296,0.007230126569711235,-0.09380872783269374
7000000,1.5,0.5666655865247673,0.007337665253974996,-0.09373557584380823
7000000,2,0.619828932155889,0.007487817123195643,-0.09336326579965677
7000000,2.5,0.6718310062632745,0.007689329816517968,-0.09268071786522339
7000000,3,0.7230534598153302,0.007930416582366193,-0.09185101920573614
7000000,3.5,0.7743625152082961,0.008186047287012641,-0.09105139450302252
7000000,4,0.8260426202894465,0.00844653061361063,-0.09031689967272327
7000000,4.5,0.8776164991337787,0.00871755341789532,-0.08959240896531226
7000000,5,0.9285031884104669,0.009009954353466638,-0.08880252682045743
7000000,5.5,0.9782731854331739,0.009333042018634118,-0.08786977865046935
7000000,6,1.026643259562569,0.009688898648314535,-0.08671774720591481
7000000,6.5,1.0734476334245768,0.010071136989119047,-0.08528331529628282
7000000,7,1.118508842281179,0.010475283920443838,-0.08352879518105089
7000000,7.5,1.1615954816581557,0.010907150585986422,-0.08144878188958031
7000000,8,1.2026281246792152,0.01137513534274918,-0.07907703353768518
7000000,8.5,1.2418193431567113,0.01188249406618257,-0.0764818740714385
7000000,9,1.2795407599320407,0.012432122450674139,-0.07373808833349305
7000000,9.5,1.316079947158385,0.013030895215935584,-0.07089485101963079
7000000,10,1.351530371683141,0.013688671952540084,-0.0679685350727254
7000000,10.5,1.3858526614541207,0.01441834481176961,-0.06496526940426585
7000000,11,1.4189624749538026,0.015234174539715234,-0.06190536958348193
7000000,11.5,1.4507677578988099,0.016152634154995828,-0.05882212780874171
7000000,12,1.4811700473844371,0.01719389112626423,-0.055752868151791854
7000000,12.5,1.5100573663203611,0.018380766390096462,-0.05273304462978389
7000000,13,1.5373005202683585,0.019736301842394253,-0.04978774473555649
7000000,13.5,1.5627527169558286,0.021281663144428423,-0.046922838955493824
7000000,14,1.5862532738571695,0.023036627520353497,-0.04412596733997412
7000000,14.5,1.607639834515735,0.02502497672601453,-0.04138539908752475
7000000,15,1.6267711117404025,0.027284107062165233,-0.03872084369877955
7000000,15.5,1.6435505546532476,0.029871718885157727,-0.03620111863051746
7000000,16,1.6579295486885797,0.03285772728787787,-0.03391970627944266
7000000,16.5,1.6698833361347418,0.03629719279889785,-0.03193432968081233
7000000,17,1.6793944917456964,0.04020230683623123,-0.030229721052054265
7000000,17.5,1.6864773347323436,0.044542521109565504,-0.028751908110770552
7000000,18,1.6912134259191314,0.04927667335472131,-0.02747858254365261
7000000,18.5,1.6937499976044124,0.05438946714341752,-0.026457012232082803
7000000,19,1.694262309660966,0.05990940060688119,-0.025798751222501724
7000000,19.5,1.6929148386898811,0.06590805396951673,-0.02566383000789164
7000000,20,1.6898578381489937,0.07248374986227187,-0.026243462460508817
7000000,20.5,1.6852617633411178,0.07972368532149125,-0.027716225400172798
7000000,21,1.6793153395851976,0.0876441601105847,-0.030171783077257507
7000000,21.5,1.6721453872771372,0.09606946498661446,-0.03353916477902714
7000000,22,1.6637757623479787,0.1042829102937767,-0.03756491143916197
7000000,22.5,1.6538124687149498,0.11100762215101351,-0.04202281048906756
7000000,23,1.640192643443063,0.11679300094426563,-0.04725933804936018
7000000,23.5,1.6196098717058414,0.12413475151560169,-0.05380779961761741
7000000,24,1.5902996161135325,0.13343966227330845,-0.06165898093234935
7000000,24.5,1.553626140367393,0.14441941055004726,-0.07096945974776692
7000000,25,1.5155991505822204,0.15650313039670913,-0.08199578677818661
7000000,-20,-1.38361261895099,0.04731189650121644,-0.08462819809488806
7000000,-19.5,-1.3885544901763849,0.04169909563672363,-0.08814195743881043
7000000,-19,-1.383129407055824,0.03701630846751216,-0.09075155613480317
7000000,-18.5,-1.3675642545806022,0.033017077987852056,-0.09296384118045455
7000000,-18,-1.3433430058616098,0.029506731636405648,-0.0953183667554872
7000000,-17.5,-1.3119517243060885,0.026394920510503975,-0.09807581155306153
7000000,-17,-1.274632372811288,0.023652493178289862,-0.1012282094620643
7000000,-16.5,-1.2328645795759146,0.021267731563956022,-0.10455010717258047
7000000,-16,-1.1888647483422048,0.019228261325478866,-0.10760005804549044
7000000,-15.5,-1.1455915382465869,0.01752018510928267,-0.10974920708747343
7000000,-15,-1.1057803818124772,0.016124904763312915,-0.11039745833564434
7000000,-14.5,-1.0702285062663155,0.015005953078799749,-0.10937947679105384
7000000,-14,-1.0370259356150213,0.014103058548621428,-0.10716894825393262
7000000,-13.5,-1.0030165992427613,0.013347647890997292,-0.10455695186169081
7000000,-13,-0.9659480335855284,0.012685598463702975,-0.10215186013376125
7000000,-12.5,-0.9252125121245267,0.012086121661933957,-0.10019357494392048
7000000,-12,-0.8812907556834426,0.011535401291213577,-0.09866550133942084
7000000,-11.5,-0.8350001787398704,0.011027122427433693,-0.09745777666304384
7000000,-11,-0.7870663871873567,0.010557464651686775,-0.09646490478074414
7000000,-10.5,-0.7379933154858407,0.01012404804381374,-0.0956205873133204
7000000,-10,-0.6880810029396291,0.009726041081389978,-0.09489963877283408
7000000,-9.5,-0.6374752874364047,0.009362584620603014,-0.09430010583808539
7000000,-9,-0.5861962991349757,0.009030603039177215,-0.09381911909920358
7000000,-8.5,-0.5341727239633288,0.00872514175273453,-0.09345254706708916
7000000,-8,-0.4813192237997336,0.008438514573025942,-0.09319424802929183
7000000,-7.5,-0.42761252750076,0.008166627832299277,-0.0930361787143882
7000000,-7,-0.37311926464812,0.007908053535379562,-0.09297067366305044
7000000,-6.5,-0.31803018562874946,0.007656398867144437,-0.09298386956067825
7000000,-6,-0.26266185471286096,0.007402387063679842,-0.09305702142637173
7000000,-5.5,-0.20725102604263454,0.007146225223680615,-0.09317737302361684
7000000,-5,-0.151692840152185,0.006906481227263557,-0.09334546861101922
7000000,-4.5,-0.09572644711319124,0.006704750670504522,-0.09356181219497425
7000000,-4,-0.03930268053748292,0.006546176328414283,-0.09381240679060732
7000000,-3.5,0.01742528073391164,0.006421472098770407,-0.09407512207600228
7000000,-3,0.07425549957035474,0.006316974236906542,-0.09433019901351342
7000000,-2.5,0.13098824196296516,0.006219883169649774,-0.09456154173639514
7000000,-2,0.18751302680473358,0.00612305051617813,-0.09476891532383303
7000000,-1.5,0.24387805540314958,0.0060332406661947145,-0.09503940200277312
7000000,-1,0.30012170259214277,0.005961431897048279,-0.09545501584431326
7000000,-0.5,0.35620292472065296,0.005898921424450857,-0.09586692018269269
7000000,0,0.41210674868785957,0.005825220675376305,-0.09609120544589507
7000000,0.5,0.46771358198056856,0.00574039123858462,-0.09612411005181985
7000000,1,0.5228833150679333,0.0056975246417565895,-0.09605136172730032
7000000,1.5,0.5777671265055375,0.00575637521015587,-0.09592975199244615
7000000,2,0.6322387031030647,0.0059160613861774245,-0.09570355456257384
7000000,2.5,0.6857915878421941,0.0061584706383535585,-0.09532168219610937
7000000,3,0.7378352691814236,0.006483176473594771,-0.0947398670354986
7000000,3.5,0.7880228994781605,0.006909166093610678,-0.09388350817435262
7000000,4,0.8370512584235582,0.007415015882453486,-0.09278489826968221
7000000,4.5,0.8863921858931498,0.00790098220027205,-0.09172239755891787
7000000,5,0.9365062230773127,0.008312765786287634,-0.09079682149954282
7000000,5.5,0.9867349417225919,0.00867454926611868,-0.08990517830737307
7000000,6,1.0362926855299759,0.009023588871127875,-0.08894402732480103
7000000,6.5,1.0845970744696052,0.009386198241440519,-0.08781915467874295
7000000,7,1.1312122098987585,0.009777377899104307,-0.08643817637928176
7000000,7.5,1.175858697371065,0.01020085690831585,-0.08472200158089115
7000000,8,1.2184293691021342,0.010653197702251382,-0.08262464091973572
7000000,8.5,1.258900300311998,0.011136548190367399,-0.08014291713248291
7000000,9,1.2972536015622431,0.011666652336779187,-0.07730776618187515
7000000,9.5,1.3335005826152484,0.012263665518920979,-0.07416934468848974
7000000,10,1.3677401336336952,0.012943504396841632,-0.07078790884637343
7000000,10.5,1.4001689800673935,0.013717474981825784,-0.06723784501295041
7000000,11,1.431017547328305,0.014594217893734466,-0.06360488546629825
7000000,11.5,1.4604668649605212,0.015584260803411458,-0.05996851081583903
7000000,12,1.4886033303832253,0.01670282941704962,-0.05639245744247413
7000000,12.5,1.5154224592753756,0.017969219517719872,-0.05292437045361303
7000000,13,1.5408575633915222,0.019404250566648157,-0.04959463290699497
7000000,13.5,1.5648046211756936,0.021027758403251665,-0.04641402450033591
7000000,14,1.5871319303935607,0.022858585411643335,-0.04337837537906551
7000000,14.5,1.6076878172006221,0.0249183251903413,-0.040488816743228684
7000000,15,1.6263374912989592,0.027235627976088722,-0.037785729047997665
7000000,15.5,1.6430283571167839,0.02984553271434639,-0.03537017280160198
7000000,16,1.6577816257303826,0.03278784431372025,-0.033362853625232565
7000000,16.5,1.6705488743355492,0.036111775328814974,-0.0318057098157254
7000000,17,1.6811417269811306,0.03986800045812602,-0.03063005193820487
7000000,17.5,1.689344346092502,0.04408425724090195,-0.02973997866174662
7000000,18,1.6950162634448098,0.04876270041920987,-0.029092151654303726
7000000,18.5,1.6981213082021789,0.0539026353505211,-0.02870441462631034
7000000,19,1.6987336839037037,0.05951975489213939,-0.028630883549202336
7000000,19.5,1.6970055283005416,0.06565394785152835,-0.02894802090557598
7000000,20,1.6930885016510775,0.0723708042005174,-0.029757889592045013
7000000,20.5,1.6870514533706986,0.07975023086235583,-0.031185331761383668
7000000,21,1.6788035443206815,0.08785054613880154,-0.03335065781489564
7000000,21.5,1.6679891482606923,0.09664114069216252,-0.03633178047335324
7000000,22,1.653856894548781,0.10593505885548184,-0.0401708083562461
7000000,22.5,1.6350545613598522,0.11561495175946557,-0.04501032456905629
7000000,23,1.6096384347650534,0.12611475831168734,-0.051187374235855024
7000000,23.5,1.5764469160011259,0.13770536341277212,-0.05891567385447916
7000000,24,1.5372691943137238,0.15016274334840765,-0.06826412143362652
7000000,24.5,1.4979676755049733,0.1630919512057669,-0.07930698083248107
7000000,25,1.4660499422788908,0.17546605224748327,-0.09173713564167214
7000000,-20,-1.4002384035387618,0.04767829651814879,-0.08151280327691965
7000000,-19.5,-1.4095484592207492,0.04213851407231793,-0.08388504589403718
7000000,-19,-1.4086436438572534,0.03751941508586985,-0.08531876724854337
7000000,-18.5,-1.3983319559709853,0.03355242174092611,-0.0863202813894099
7000000,-18,-1.3800623457858827,0.0300531712254252,-0.08737521920613957
7000000,-17.5,-1.3550595732622337,0.026938588775459037,-0.08873678094853064
7000000,-17,-1.3242243520439227,0.02418119834067112,-0.0904494266979586
7000000,-16.5,-1.2883945335424078,0.021763777166763726,-0.09243487134974708
7000000,-16,-1.2484828111131028,0.019659907973621358,-0.09456015079769173
7000000,-15.5,-1.205389376090403,0.017838087805527123,-0.09667470572941808
7000000,-15,-1.1597939300724776,0.01627095062507647,-0.0986438579971293
7000000,-14.5,-1.1120768001148869,0.014936293827809446,-0.1003794866534009
7000000,-14,-1.062639451070656,0.01381329298432416,-0.10180490443129571
7000000,-13.5,-1.0124440968656025,0.012880373682775075,-0.10275838479691606
7000000,-13,-0.9629694107380582,0.012113183480148464,-0.10300212356975168
7000000,-12.5,-0.9151936473019383,0.011480491137920202,-0.10243578026349322
7000000,-12,-0.868719700491567,0.010943873188483643,-0.10127403057479413
7000000,-11.5,-0.8222627730863448,0.010465754896704422,-0.09991601642290973
7000000,-11,-0.7747861592683682,0.010018849016426164,-0.09867401522113178
7000000,-10.5,-0.7259638430961664,0.009589681415428215,-0.0976686497119459
7000000,-10,-0.6759370959348454,0.00917676238867337,-0.09689711946649045
7000000,-9.5,-0.6249699700189805,0.008784837485911075,-0.0963165851166423
7000000,-9,-0.5732700271239954,0.008418144505057614,-0.09587536160946092
7000000,-8.5,-0.5209719085425364,0.00807667554373986,-0.0955316527081435
7000000,-8,-0.4682413388265703,0.007751823851208679,-0.09525397831504026
7000000,-7.5,-0.41532849593719445,0.00743455390970946,-0.09501947303283718
7000000,-7,-0.36237376282973116,0.007125973618787116,-0.09482524315721802
7000000,-6.5,-0.30918044335613765,0.006839107529020811,-0.09468671619131419
7000000,-6,-0.25537570481242844,0.00658928246245318,-0.09462149477660721
7000000,-5.5,-0.2007735308712184,0.0063794862551746,-0.09463226251622893
7000000,-5,-0.14544065879415713,0.0061991328462425695,-0.09470700045232205
7000000,-4.5,-0.08955629891408796,0.0060312302784829306,-0.09482725683567143
7000000,-4,-0.03333911982597276,0.005857428396421731,-0.09496991613517115
7000000,-3.5,0.02307072208704601,0.005664346011883816,-0.09511095019499811
7000000,-3,0.0798087787743958,0.005460348208677531,-0.09534560943645437
7000000,-2.5,0.13687265846183108,0.00526074967905272,-0.09581434468106768
7000000,-2,0.1938027025806255,0.005036975722186547,-0.09625002684811951
7000000,-1.5,0.25029633019056574,0.0047660162192620205,-0.09642768489761948
7000000,-1,0.30644290461050727,0.004530459355111619,-0.0965880341140792
7000000,-0.5,0.36300484615077444,0.004430882348478563,-0.09700905778869684
7000000,0,0.4201548324530133,0.0044388421880732325,-0.09750365656803274
7000000,0.5,0.47738485399353914,0.004510008642117049,-0.09791485925030373
7000000,1,0.5342057288046946,0.004625470350148782,-0.09821296387117529
7000000,1.5,0.5903509898177393,0.00477936820194558,-0.09840525004719824
7000000,2,0.6457677711033751,0.004969093878964784,-0.09849887458234481
7000000,2.5,0.7005259861139727,0.005191541362106667,-0.09846576281303056
7000000,3,0.754648676674029,0.005447543128437218,-0.0982199699227575
7000000,3.5,0.8079348113865906,0.005745508473771272,-0.09767644491849224
7000000,4,0.859876732775287,0.0060959562754147375,-0.09683262303308539
7000000,4.5,0.9097815277964423,0.0065111978796549294,-0.09572631470657382
7000000,5,0.9571013993192766,0.007028509337667961,-0.09433859486910297
7000000,5.5,1.0025536631133432,0.007651878042617637,-0.09270772427756332
7000000,6,1.0482580237891916,0.008253837081478445,-0.09113081813118912
7000000,6.5,1.0949474914212742,0.008754346629225527,-0.08971767760296331
7000000,7,1.141762591969878,0.0091888306363593,-0.0883230903274078
7000000,7.5,1.1877355116791863,0.00960696871817394,-0.08681643801836232
7000000,8,1.2322416321997494,0.010038650602067985,-0.08509920238430925
7000000,8.5,1.274901940020034,0.010501555840808922,-0.08309509389860474
7000000,9,1.315497553585931,0.011007573757615994,-0.08074501271175828
7000000,9.5,1.3539066765782786,0.011562085596868997,-0.07800496353438179
7000000,10,1.3900251979314777,0.01217206183131007,-0.07485583802694504
7000000,10.5,1.4237051187731158,0.012855833727243578,-0.0713234650999248
7000000,11,1.4548045942610128,0.01364219163490676,-0.06747808435378086
7000000,11.5,1.483315721724152,0.014560620294441804,-0.06342212176699565
7000000,12,1.5094684332057058,0.01563011409949705,-0.059296358108947476
7000000,12.5,1.533760388600387,0.016855351830662717,-0.05528435532908714
7000000,13,1.5567700600223469,0.0182420146961385,-0.05155051883130817
7000000,13.5,1.5788287363184819,0.019818735332471298,-0.048155262347485926
7000000,14,1.5999252100625982,0.021627853512168973,-0.045076743992272225
7000000,14.5,1.619781393850782,0.023704821090523357,-0.042274547271145616
7000000,15,1.6379698267352234,0.02608428274687897,-0.039723636016336376
7000000,15.5,1.6541004676777202,0.02881669449629007,-0.03744150459300334
7000000,16,1.667929088667409,0.03196592812779317,-0.035477445963119865
7000000,16.5,1.679309415368568,0.035583732815118445,-0.033856543398664465
7000000,17,1.6881053396394474,0.03968517536663962,-0.03254791261963449
7000000,17.5,1.6941745597164597,0.04425354469976164,-0.03150300553880754
7000000,18,1.69742165064876,0.04927106821689693,-0.030714515361890026
7000000,18.5,1.6978675983590805,0.05474128040260814,-0.03022481993296972
7000000,19,1.695681746607257,0.0606850898614291,-0.030089475466576834
7000000,19.5,1.6911252986332133,0.06713025116561619,-0.030354234419527486
7000000,20,1.6844093228910253,0.07411759359433116,-0.031071289139545943
7000000,20.5,1.675546146562687,0.08171809445478002,-0.03232756598282134
7000000,21,1.6642642039931743,0.09003910383171013,-0.0342517661568165
7000000,21.5,1.6499775048686258,0.09921658059478877,-0.03699811096901667
7000000,22,1.6317875053361695,0.10942059949795055,-0.040738970972231225
7000000,22.5,1.6085878566263239,0.12088609509076764,-0.045700762067575854
7000000,23,1.579551855693371,0.13367616495829776,-0.052145825632073
7000000,23.5,1.5452819229058918,0.1470341621826241,-0.06017813389958795
7000000,24,1.5088341937898129,0.15999435043885676,-0.06976385802163547
7000000,24.5,1.4754503989669672,0.17221237458041183,-0.08083455051634904
7000000,25,1.45001603583208,0.18336195131249333,-0.09301071831693263
10000000,-20,-1.297004847155694,0.0409732144221309,-0.11451569304974248
10000000,-19.5,-1.293634988492927,0.036444267060133706,-0.11787373623138535
10000000,-19,-1.2843398068922456,0.03269913693321801,-0.1195571171945496
10000000,-18.5,-1.2703831006748223,0.029488623721425557,-0.12017312268713098
10000000,-18,-1.253060863847207,0.026661281637818574,-0.1202083083594753
10000000,-17.5,-1.2331464602299302,0.024156710290829653,-0.11988358690807181
10000000,-17,-1.2112516922476098,0.02195645826343819,-0.11920214602522235
10000000,-16.5,-1.1881004948702925,0.02004822515726559,-0.1180413064375967
10000000,-16,-1.1644031795102685,0.018412023684026106,-0.11625437173101281
10000000,-15.5,-1.140472250750657,0.01702165012676525,-0.11377339677916982
10000000,-15,-1.115846800000134,0.015847785852038943,-0.1107067755758163
10000000,-14.5,-1.0892983689847329,0.014857936110153033,-0.10736373413370323
10000000,-14,-1.0594070541142244,0.014017213932920082,-0.1041379146634903
10000000,-13.5,-1.0253109973853338,0.01329188895280479,-0.10132587243466677
10000000,-13,-0.9870001964268411,0.012653293890274194,-0.09903711044257293
10000000,-12.5,-0.9450564319568978,0.012079743284206619,-0.09723514201549605
10000000,-12,-0.9002382805990169,0.011556279281128862,-0.0958244845746804
10000000,-11.5,-0.853223120618406,0.011073289792193174,-0.09471027451154043
10000000,-11,-0.8045323702940177,0.01062508768324842,-0.09382071196770846
10000000,-10.5,-0.7545500392530295,0.010209179942695986,-0.09311107379417913
10000000,-10,-0.7035629740389543,0.009825906826262077,-0.09256201812962057
10000000,-9.5,-0.6517799399763466,0.009475989523484623,-0.09216458009728924
10000000,-9,-0.599323666273635,0.009157655426899114,-0.09189976528055673
10000000,-8.5,-0.546249357541687,0.008866756033998694,-0.09174377756096841
10000000,-8,-0.49260046639625843,0.008597347091963692,-0.09167087810828525
10000000,-7.5,-0.4384307243972292,0.00834872847732675,-0.09166128846749977
10000000,-7,-0.3837761484303375,0.008122898149226593,-0.09170496068548309
10000000,-6.5,-0.32863985753777936,0.00792008866186061,-0.09179513830727216
10000000,-6,-0.27300901458354276,0.007739207240738345,-0.09192606314543779
10000000,-5.5,-0.21691472077380253,0.007576804990585869,-0.09209162235045862
10000000,-5,-0.1605376248591659,0.007424584380313329,-0.0922821633015071
10000000,-4.5,-0.10418279170219324,0.007274075445221024,-0.09248590096575593
10000000,-4,-0.04793223334655971,0.007132427694453265,-0.0926998133920201
10000000,-3.5,0.008460539025605424,0.007019707422136977,-0.09292776242689
10000000,-3,0.06514215650602223,0.0069441773116308185,-0.09316407411007671
10000000,-2.5,0.12202672981337566,0.006899418668874005,-0.093395944728296
10000000,-2,0.1789707835902823,0.00687649629060071,-0.09361225069998587
10000000,-1.5,0.23583852605677694,0.0068689358164977605,-0.09380453739849123
10000000,-1,0.2924738431325314,0.00687220460120681,-0.09396844751915938
10000000,-0.5,0.3487283377635597,0.006884056699836148,-0.09410402207148635
10000000,0,0.4045572149327921,0.006908119409511366,-0.09421216818166432
10000000,0.5,0.4599704303161859,0.0069562625577986505,-0.09429809938499142
10000000,1,0.5148375248266202,0.007043800913521355,-0.09434043414741473
10000000,1.5,0.568883557113491,0.00718380676124624,-0.09423772848820665
10000000,2,0.6219267196683889,0.007380279246571385,-0.09388661472551445
10000000,2.5,0.6742731243691007,0.007607896050611173,-0.09333790521112255
10000000,3,0.7266860204521932,0.00781744078482005,-0.09273077590741376
10000000,3.5,0.779486984849775,0.00799287511952874,-0.09212296264687772
10000000,4,0.8323202118677766,0.00816686611238419,-0.09152034106492421
10000000,4.5,0.8847129487750065,0.008374100606127035,-0.09091158978239386
10000000,5,0.9363038838908117,0.008626387620850592,-0.09024562963639009
10000000,5.5,0.986834179428054,0.008921440155072059,-0.08944643919554092
10000000,6,1.0361556302262431,0.009248866590136092,-0.08844212942133531
10000000,6.5,1.0841117765695392,0.009597820723078323,-0.0871797526810607
10000000,7,1.1303870874834812,0.009968693780968095,-0.0856261848597054
10000000,7.5,1.1746770597578684,0.01036924903233972,-0.08377300401702328
10000000,8,1.2169498520312585,0.010802945172747309,-0.08164536428539584
10000000,8.5,1.2574562196173964,0.01126806615612838,-0.0792967062157098
10000000,9,1.2965408516324857,0.011766021368658503,-0.07678121294757692
10000000,9.5,1.3344279478434098,0.01230381535889134,-0.07412601714525897
10000000,10,1.3711540073349346,0.01289108491387977,-0.07133082284414174
10000000,10.5,1.4066561106194237,0.013539409630475086,-0.06839620171459362
10000000,11,1.440862334016333,0.014260713579388328,-0.06534635100915862
10000000,11.5,1.473717500537052,0.015069011714470358,-0.062222127890976926
10000000,12,1.5051701580943229,0.015982363718544508,-0.05907086004116828
10000000,12.5,1.5351557797851485,0.017022458845504965,-0.05594181088397758
10000000,13,1.56358950426303,0.018212962384588225,-0.05287857374992399
10000000,13.5,1.590365201145873,0.0195772187082501,-0.04990727794144762
10000000,14,1.6153553291992095,0.021136288857348733,-0.0470274960245673
10000000,14.5,1.6384098166295595,0.02290969504605015,-0.04421681602538527
10000000,15,1.6593590148003368,0.024921462145515928,-0.041455892457124145
10000000,15.5,1.6780311923316988,0.02721073384642768,-0.03876451991777057
10000000,16,1.6942841870298881,0.02983902712354036,-0.03621875251165079
10000000,16.5,1.7080254927200884,0.032880726357166976,-0.03391824891276683
10000000,17,1.71920346883237,0.036392271117669704,-0.03191624614442858
10000000,17.5,1.7278043835238557,0.04038107406850319,-0.030182463771250133
10000000,18,1.733886167230096,0.04480661444763023,-0.028648240967567157
10000000,18.5,1.73760509561955,0.04961635909485363,-0.02728626347069928
10000000,19,1.7391849278302116,0.054785700741720345,-0.026149852897343232
10000000,19.5,1.73884415881653,0.06033909923465714,-0.025366891825929657
10000000,20,1.736730411204745,0.0663545586646475,-0.02512564687791387
10000000,20.5,1.7329122882260364,0.07295371970808161,-0.02565532326359603
10000000,21,1.7274468938640193,0.08026491986884118,-0.027164204527310738
10000000,21.5,1.7204313259088195,0.0883527451921259,-0.0297359451707231
10000000,22,1.711947528851784,0.09706675119404665,-0.03325545004203944
10000000,22.5,1.7020261027430057,0.10559235567923263,-0.0374153676762762
10000000,23,1.6902199099134445,0.11243058324486734,-0.041987267807962456
10000000,23.5,1.6739734306987786,0.11840818641445919,-0.0474479936353602
10000000,24,1.649316149832241,0.12623568657728948,-0.054371153918876695
10000000,24.5,1.6142778971454321,0.13613070382418904,-0.06274750085971399
10000000,25,1.5713752733991917,0.1478340901498607,-0.07284323493258556
10000000,-20,-1.432272824096426,0.041336934741022395,-0.08953400456127332
10000000,-19.5,-1.4253016108445622,0.03672694756086982,-0.09247287242858855
10000000,-19,-1.4084568570926055,0.032753921634810244,-0.09503718741909041
10000000,-18.5,-1.383096111256299,0.029243754309569627,-0.09776442183163488
10000000,-18,-1.3506933466565485,0.026122663270636757,-0.10089022538741121
10000000,-17.5,-1.3127097890588129,0.02337509238653155,-0.10433687247160606
10000000,-17,-1.2711003447993408,0.021000231310282787,-0.10775928435475135
10000000,-16.5,-1.2286470351216048,0.018991243385621415,-0.11058628599840116
10000000,-16,-1.188495155991796,0.017329833425260073,-0.11215462151174038
10000000,-15.5,-1.152699475562289,0.01598192628394141,-0.1120276462936084
10000000,-15,-1.1207880836684367,0.014893161368495117,-0.11032808992920247
10000000,-14.5,-1.0900356245838505,0.013996758947317436,-0.10770445239387488
10000000,-14,-1.0573768559745815,0.013232573331215644,-0.10491572708658413
10000000,-13.5,-1.021035477486585,0.012559801363880843,-0.10245701635427247
10000000,-13,-0.980773091957782,0.011955318170151713,-0.10048347335740405
10000000,-12.5,-0.9372515223093343,0.011405810497918195,-0.09893658640817678
10000000,-12,-0.8913416397763845,0.010902342376245705,-0.0976926622126598
10000000,-11.5,-0.8437505608022688,0.010438319443304447,-0.09664742894335916
10000000,-11,-0.7949327178756197,0.010008882086737399,-0.09574054664631106
10000000,-10.5,-0.7451392867246802,0.009610821056146754,-0.09495222783072096
10000000,-10,-0.6945019744015742,0.00924258974376921,-0.09429226417073233
10000000,-9.5,-0.6430902648539765,0.00890267232679646,-0.09377801362318143
10000000,-9,-0.5909228686840374,0.008588016248305859,-0.09341092241366139
10000000,-8.5,-0.5379824513318617,0.008294664971686292,-0.09318045545181033
10000000,-8,-0.4842656485030009,0.00801746493749354,-0.09306639975696838
10000000,-7.5,-0.42981078916445276,0.007756616657935764,-0.09304724177186124
10000000,-7,-0.37467900464051823,0.00751493109316188,-0.09310622708890724
10000000,-6.5,-0.31897225405194984,0.00729095830472151,-0.09322566434676935
10000000,-6,-0.26290944337142674,0.007077561709290844,-0.09338521741935894
10000000,-5.5,-0.2068225533920973,0.006865703472396037,-0.0935661770945522
10000000,-5,-0.15088603061524625,0.006657325972369296,-0.09376245269437379
10000000,-4.5,-0.09489258274285946,0.0064706315541038185,-0.09398326716071255
10000000,-4,-0.03857162869769863,0.0063209840016191215,-0.0942337646752249
10000000,-3.5,0.018089499718837915,0.006207464610128773,-0.0945042567365985
10000000,-3,0.0749427014435808,0.006120161554423513,-0.09478071938923292
10000000,-2.5,0.13181574608044877,0.0060482365379183126,-0.09505342765412798
10000000,-2,0.18856024263818008,0.005981997039567609,-0.09531403783411023
10000000,-1.5,0.24515196580379464,0.005917230957058182,-0.09556936547011859
10000000,-1,0.30166432049267294,0.005861869423562294,-0.09589568161727136
10000000,-0.5,0.35805996196438217,0.005825202319240583,-0.09631243400436493
10000000,0,0.4142225929497737,0.00580281219838234,-0.09663592367597115
10000000,0.5,0.47010007103922624,0.005784641549525261,-0.09668972586494283
10000000,1,0.5255220669131475,0.005771671415566021,-0.09649663388491538
10000000,1.5,0.5801285115983668,0.005795845813209802,-0.09618562305941283
10000000,2,0.6338114461601874,0.005907691028960538,-0.09585509301373572
10000000,2.5,0.6864565946195779,0.006126580583616756,-0.09545835140292064
10000000,3,0.737838436917464,0.0064570383930418335,-0.0948531476650979
10000000,3.5,0.788379991744879,0.006874308400117488,-0.09402517034393475
10000000,4,0.8392326942786774,0.007292725874090735,-0.09322257222089136
10000000,4.5,0.8908760437207812,0.0076576804304327685,-0.09255482267869657
10000000,5,0.94277641825001,0.007982400496441566,-0.0919353643206302
10000000,5.5,0.9942174343377712,0.008295995617082877,-0.09127579616190262
10000000,6,1.0446683043098433,0.008620503864771383,-0.09049811233635241
10000000,6.5,1.093732012902025,0.008969316218015447,-0.0895209340618153
10000000,7,1.14112917028213,0.009345790294987411,-0.0882628192824616
10000000,7.5,1.1866788893565992,0.009745944982561669,-0.08665725772303855
10000000,8,1.230187836731909,0.01016943057944245,-0.08466716234377027
10000000,8.5,1.2714719387402225,0.010625932877590028,-0.08229280487413733
10000000,9,1.3105182522148415,0.011130113678642735,-0.07956885997104386
10000000,9.5,1.3474938920009105,0.011692816247036676,-0.07654940524784191
10000000,10,1.3826374949207838,0.012320440570849052,-0.07329333628830517
10000000,10.5,1.4161915123141966,0.013018561904717112,-0.06986714389696108
10000000,11,1.4483599208076863,0.01379377044395516,-0.06634401307890117
10000000,11.5,1.4792693004980895,0.014656956925278467,-0.06278884430919579
10000000,12,1.5089514221338596,0.015624972442846073,-0.059253085139282
10000000,12.5,1.5373582868573914,0.01671967812031985,-0.05577914074114203
10000000,13,1.5643963977340096,0.017965646708804496,-0.05240233038861114
10000000,13.5,1.5899586595646795,0.019387255819409276,-0.04914675408060865
10000000,14,1.6139388541187856,0.02100647721242443,-0.04602024062868344
10000000,14.5,1.6362241447625931,0.02284374756383133,-0.04301828260431292
10000000,15,1.6566757349198644,0.024923666930321105,-0.04014307979702124
10000000,15.5,1.6751261462327869,0.02728285588454393,-0.03743107542475592
10000000,16,1.6914223697424355,0.029970432113747253,-0.034968766523522314
10000000,16.5,1.7054939128950792,0.03303216318366767,-0.03287147866074894
10000000,17,1.717350051424364,0.036490192184068605,-0.031215215809932882
10000000,17.5,1.7269786936304294,0.040346642263890516,-0.029972183969265254
10000000,18,1.7343160461958842,0.04460456605662164,-0.029043339747612803
10000000,18.5,1.739340069865357,0.04927512180149426,-0.028361609286887482
10000000,19,1.7421169288370515,0.05437484623955509,-0.0279376597015206
10000000,19.5,1.7427608265007972,0.05992863675773902,-0.027833834174415012
10000000,20,1.741374609746511,0.06597967313064165,-0.028140562549267126
10000000,20.5,1.7379943890930487,0.07259913665870091,-0.02897896012636161
10000000,21,1.7325511971972904,0.07987936423929735,-0.030494769597192734
10000000,21.5,1.724837259619198,0.0878947882793417,-0.032815845940159856
10000000,22,1.7144192986990063,0.09662078277203881,-0.03599579309956418
10000000,22.5,1.7004758701042042,0.10582699330269353,-0.04001766971731844
10000000,23,1.681452583776681,0.1153234890741459,-0.044977914753186694
10000000,23.5,1.6548193625607244,0.1257023092230561,-0.05126298526155693
10000000,24,1.6186332936346222,0.1374455841180389,-0.05914468941599306
10000000,24.5,1.5744602740124287,0.15037259690391713,-0.06872999030631514
10000000,25,1.529319367115485,0.16402205750182067,-0.08016773577891906
10000000,-20,-1.4705594966967253,0.041106149540050506,-0.08396407298960508
10000000,-19.5,-1.4661517698866027,0.03672890578434314,-0.08546808279734944
10000000,-19,-1.453223029182741,0.03289735696078508,-0.08665907890955904
10000000,-18.5,-1.4330943580047233,0.029471371096861532,-0.08797166037125485
10000000,-18,-1.406749896153027,0.02640092362444318,-0.08959953646861174
10000000,-17.5,-1.3749176361057591,0.02367732846685304,-0.09154784593795012
10000000,-17,-1.3383357834740726,0.0212920749859075,-0.09372192864191779
10000000,-16.5,-1.2978575717281207,0.019221700470814014,-0.09598903381839458
10000000,-16,-1.2543720745473483,0.017435236340735447,-0.09819966787932453
10000000,-15.5,-1.2086404349062736,0.015905308850390324,-0.10020267669036491
10000000,-15,-1.161237778419638,0.014609950000054099,-0.1018694803930498
10000000,-14.5,-1.1127931936448472,0.013528635294482798,-0.10307849132742913
10000000,-14,-1.064311127911642,0.012638805419117138,-0.10366697977842691
10000000,-13.5,-1.0169006764284942,0.011912483680144867,-0.10348682594700673
10000000,-13,-0.9708737030524166,0.011313478423446446,-0.1025878689814195
10000000,-12.5,-0.9253893230319712,0.010800742463028227,-0.10127653182334856
10000000,-12,-0.8792370621803545,0.010337878454979693,-0.09992068615028206
10000000,-11.5,-0.8317137109261509,0.009900640008619179,-0.09874289729060176
10000000,-11,-0.7827483187828692,0.009478191872389548,-0.09779724084452777
10000000,-10.5,-0.7325845711692529,0.009070168544935366,-0.09705479687467577
10000000,-10,-0.6815194630629401,0.008682191238402501,-0.0964744217869555
10000000,-9.5,-0.6297930446596134,0.008320652450268388,-0.09602108864578016
10000000,-9,-0.5775375642185975,0.007989129091555365,-0.09565944296166659
10000000,-8.5,-0.5247837326086666,0.007687614130225336,-0.09536417118571137
10000000,-8,-0.4715621090684795,0.0074095213615553695,-0.09511779212980559
10000000,-7.5,-0.4180064828431794,0.007146013115650837,-0.09490915861787062
10000000,-7,-0.36430787225215444,0.0068880325897617955,-0.09473999025313569
10000000,-6.5,-0.31049778499435243,0.006631869072786339,-0.09462621622388974
10000000,-6,-0.25628855329075456,0.006387226813453761,-0.09459557861844262
10000000,-5.5,-0.20131470947791089,0.006167350856178439,-0.09466835171126527
10000000,-5,-0.14548038009440525,0.005974756870567965,-0.09483944811388453
10000000,-4.5,-0.08894857970576933,0.005801948689366474,-0.09508308987487628
10000000,-4,-0.03197696070304781,0.005638044200636078,-0.09536536659266
10000000,-3.5,0.02516683651938871,0.005472043380677724,-0.09564726923705202
10000000,-3,0.08237018579518413,0.00529892722559372,-0.09590467847716176
10000000,-2.5,0.13973973316261432,0.00513228331624735,-0.09626322115063346
10000000,-2,0.1971440271745395,0.004981421339681916,-0.09679818074853212
10000000,-1.5,0.25420924267379624,0.004819212365724614,-0.09723330249234124
10000000,-1,0.310783623445563,0.004625012749510296,-0.09742408212793822
10000000,-0.5,0.36679421160425846,0.004451648811881911,-0.09757609054226644
10000000,0,0.4227597365287653,0.004385692929976877,-0.09790853121823255
10000000,0.5,0.4789882540264133,0.004422221974252927,-0.09831230815836708
10000000,1,0.5352289147112214,0.00452791361485703,-0.09865676320069436
10000000,1.5,0.5911983756906434,0.004682994673610905,-0.09889884141174565
10000000,2,0.6467311355778229,0.004876700772734457,-0.09898763313438522
10000000,2.5,0.7016813150084695,0.005106678855097586,-0.09884288412977799
10000000,3,0.7557938111158513,0.005377156815977265,-0.0984225075900999
10000000,3.5,0.8086417100020211,0.005693745040525752,-0.09776440748079589
10000000,4,0.8597211872844677,0.0060673205452244005,-0.09690327262417536
10000000,4.5,0.908679208965117,0.006530298064030422,-0.09580358688964731
10000000,5,0.9562611018910538,0.007077842528567856,-0.09450077177519621
10000000,5.5,1.004292919847223,0.007598774975486673,-0.09328400921893745
10000000,6,1.0533350223820088,0.008031082823486491,-0.09225035710397163
10000000,6.5,1.1025959554916862,0.008407899714644791,-0.09125887989432224
10000000,7,1.1511841382233041,0.008773005740882408,-0.09018392058963053
10000000,7.5,1.1984613162139168,0.009154096817837281,-0.08892319364885075
10000000,8,1.2439556512474912,0.009566101264079788,-0.08738536612572159
10000000,8.5,1.287368791833592,0.010015558832878295,-0.08549178479706891
10000000,9,1.3285699238984128,0.010504373682928924,-0.08318210818263115
10000000,9.5,1.367404986368331,0.01103727539199435,-0.08041819624520188
10000000,10,1.4035920650074774,0.01163220218068993,-0.0771940467489742
10000000,10.5,1.4369504261895822,0.012314867959049848,-0.07356062817645487
10000000,11,1.4676354566131184,0.013106006368855382,-0.06962483648680086
10000000,11.5,1.4960680028318594,0.01401801517801445,-0.0655155219231994
10000000,12,1.5226970434083225,0.015057654069314357,-0.06135441664656154
10000000,12.5,1.5478700739707874,0.016227578172402588,-0.05725472772771704
10000000,13,1.5718998763204248,0.01752477896879051,-0.05334190294301425
10000000,13.5,1.5951298762905277,0.01894691487466718,-0.049743382893705945
10000000,14,1.6177726427951495,0.020515550550929622,-0.046518088942381186
10000000,14.5,1.639746527685662,0.02228419956700233,-0.04363807153842944
10000000,15,1.6606997952714027,0.024314674942824164,-0.041055303180621595
10000000,15.5,1.6800835880555178,0.026664063885289878,-0.038741894389897065
10000000,16,1.6973042393062638,0.02939290060885191,-0.0366981283278422
10000000,16.5,1.7119045540377262,0.032565287095453935,-0.03494374685710561
10000000,17,1.7236165025022194,0.03622819263865048,-0.0334817463595283
10000000,17.5,1.73230833395426,0.04038969928992031,-0.03227742094315669
10000000,18,1.7379435301035273,0.04502420206646671,-0.03129272862186598
10000000,18.5,1.7405868510206286,0.050102289818231234,-0.030534833587516623
10000000,19,1.740426514971428,0.055613114391393464,-0.030056950322458614
10000000,19.5,1.7377669434687855,0.06156272436784999,-0.02992112311579176
10000000,20,1.7329425594960144,0.06796800292361012,-0.030179033981776182
10000000,20.5,1.7261537142834085,0.07486841491793216,-0.03089195339725716
10000000,21,1.7173034282293234,0.082348717384689,-0.03216047532581663
10000000,21.5,1.7059095631549759,0.09055070037232474,-0.03412992522142857
10000000,22,1.691084330547073,0.099672710821974,-0.03696902868703702
10000000,22.5,1.6715442179876794,0.10999269180426818,-0.04085968076896901
10000000,23,1.6457142710042396,0.12193176969443423,-0.04604689731201857
10000000,23.5,1.612317527084877,0.13572587946108794,-0.05282916761549092
10000000,24,1.5719297881114573,0.15042861585863015,-0.061309092206105226
10000000,24.5,1.528464625501532,0.16476118233116022,-0.07144163005438516
10000000,25,1.4889501842783954,0.17821424102800967,-0.0831755085098516